#Taken from Cocomac database (www.cocomac.org), the distances between any two voxels of two areas is computed, binned in a histogramm and the median of the distribution is taken as the inter-areal distance

	V3	FST	PO	PITd	1	Ri	2	FEF	3a	3b	45	V3A	AUD	MT	13	25	L	RL	Pall	Pro	PaS	TF	AITd	AITv	36	ER	35	MIP	PS	24	TH	23	6	29	7b	STPp	46	S	MSTl	DP	LIP	SMA	MDP	7a	VIP	9	5	4	PIP	V4t	CITv	Ig	V4	PrS	CM	SII	11	32	10	MSTd	12	Id	30	G	PA	14	AI	CA1	PITv	PIR	CITd	VOT	V2	V1	VP	STPa	MW	[???]	[??]	CA3	PAC
V3	0	28.8270740855	14.6198797098	27.3913078367	33.1709503113	25.1355655881	31.4045449181	49.9844489411	31.3582694694	32.0310794958	54.4038230666	8.1395887285	27.749612948	15.9317644398	50.2260194569	49.8158647194	34.1387780997	35.1470454026	44.8830613035	46.7312930885	33.3798293482	27.4156026722	43.3048139432	41.1430417978	46.3825608325	45.9465103446	50.7733539768	16.8659797194	19.9693297226	37.8820773197	27.5233429157	24.6801863015	44.8784922587	19.6781022054	27.2715822841	31.6863797714	55.8924498335	32.6259262113	22.5914109724	15.0868380972	19.3096593178	40.6233662392	21.9668338797	19.8713932254	18.0693321232	55.3872540842	25.2621375163	38.0187322835	10.6321589902	17.0038254859	36.0372523303	36.5082609145	18.5240177597	30.554314692	27.9104866377	34.5230510156	52.8583763807	56.6919803762	61.7594291765	19.4118126739	52.4555109226	40.6001731416	17.6727661003	44.9584026931	31.9661309904	56.1274023959	27.7970358429	31.738157251	30.3581734148	45.6961610774	34.3053173156	26.9280027405	17.8342937112	14.5536901615	20.8180996949	40.2417049492	nan	nan	nan	34.6742082746	42.8223344978
FST	28.8270740855	0	29.7746530402	10.9382834484	25.674239452	15.0628680956	24.9078089605	30.4858132897	23.6428925816	24.1320574191	32.5832450817	25.5810478817	14.0612700453	14.1700382029	28.0452851475	29.6344463889	8.6916796407	8.6085245239	22.6373991392	22.5842047014	15.6919771732	12.7150607706	15.5171926085	14.3434658067	18.9768738372	20.9783121877	23.0880723604	30.5996936442	14.0288114863	28.5221116705	14.5631618824	28.0558184837	29.7427533239	20.995245256	21.4840981935	12.3545727333	35.9803326573	12.4904566804	8.7663694517	29.6329023026	26.2497978041	31.3903639742	34.2015219601	24.7054939569	23.8093813805	38.7773668108	27.6568831929	27.5937682901	24.5576067223	15.7061458128	11.8374536739	11.9323711314	19.1752828406	14.3482286358	9.8930704498	18.4679188288	30.6888077329	36.9274471833	41.9445130595	16.5308212623	30.0254129258	17.3324707282	25.7136207927	22.2140330713	9.8381124165	35.3814818588	9.4490954963	10.3153365475	11.1757905525	19.8078408233	9.0368998112	12.8113390136	28.8822800596	33.689975325	20.2685925416	12.1620902089	nan	nan	nan	9.8981562067	18.9509262854
PO	14.6198797098	29.7746530402	0	30.6022812036	31.8825702147	25.7022412195	30.016608249	47.9426400739	26.9545348332	29.6225206944	52.934475968	14.9705058178	29.0848451149	19.0678352327	47.1608972788	45.9608108088	34.8783881158	35.7016288103	41.6220934707	44.6796153176	32.2470896545	27.9912038064	43.8566311968	41.4001733787	45.9394168879	44.4758425949	49.6396884291	6.8937571535	17.5675989424	32.8826160327	26.1913164222	16.4452793114	42.2744610336	13.6581803185	28.0177397738	32.9146839359	53.3325788846	31.7794501659	24.0130735042	18.9046529628	19.4870867468	36.1815336494	10.0291207541	20.9237719928	15.9975831036	51.8173909398	17.4264208626	35.4276008209	9.4822555021	21.2798871676	37.6028837175	36.8239407868	24.5549073487	29.5197923949	29.059665573	34.830319758	50.3350488799	52.5737227133	58.1183225308	20.5570622845	50.6300512403	40.2326425171	8.6285525461	44.4749520754	32.2997795906	52.2417884006	28.2427134618	31.4365702524	32.9399670266	43.7797693051	35.8888995972	29.9952946595	23.8082959291	21.460555904	25.2434895376	40.3775988419	nan	nan	nan	34.3490226375	40.4993213511
PITd	27.3913078367	10.9382834484	30.6022812036	0	32.5572163051	20.6214671946	31.051395653	39.898549865	30.5340102061	31.0681607419	42.3971872085	23.5457010493	20.8020346402	13.1022767764	37.6458639533	38.7161383635	18.2001474211	18.1342750694	32.14379311	31.9849531418	21.1429968425	15.7569201985	19.7155651136	19.0780493199	26.0389763733	28.7426403766	30.5067169581	31.4025732944	18.151072471	35.4134050424	19.1737770454	31.5458031035	38.0583074961	24.7219433	26.2226101108	20.2160048425	45.3772915018	18.0947840884	12.0770073113	28.2458290677	27.9902573556	38.6471132996	35.9054162556	26.4735400554	25.660068342	47.8651106857	30.7500067236	34.9537869572	24.8218795289	11.6365606066	12.6766317785	21.5275062038	14.1272227945	19.438342455	16.8774482146	26.4891501993	40.4152026422	46.366262313	51.0431960687	18.6736219167	39.8843080057	26.9482391666	28.2493416661	31.7634999413	18.6214061586	44.9862123999	16.8578912069	16.0973255608	8.266677361	28.7432866663	10.3543842475	8.5821308855	27.3110914098	31.5661778981	17.8274055259	20.2189297505	nan	nan	nan	17.186385775	27.7969530443
1	33.1709503113	25.674239452	31.8825702147	32.5572163051	0	13.5426395892	11.5923662041	28.8751942979	13.516447927	11.7869505159	32.2729247139	29.4531103103	23.9057215668	24.7979943135	32.0591540955	33.595932895	25.2055069356	23.924912693	30.3287759374	29.3367743247	37.5501033369	33.3149908872	37.167770281	36.8831511459	38.0169722448	38.9152481419	39.6677610043	28.4589406301	26.1629246085	23.8756351974	32.8316018757	21.3222040264	24.9827313047	27.0804168695	14.2502836829	27.5433350374	34.7770908567	34.7470196136	22.4492562255	28.627005587	22.1914930083	23.6535918768	28.7097209601	22.3532780324	20.4805071429	34.6043029129	17.342305449	18.6256562876	27.4099141009	27.5222030907	35.6213399945	20.9124765065	33.2663167778	35.5658028557	20.2754984307	15.1658502943	32.1144088283	38.1840616642	41.3926644488	21.4979709093	31.0174529607	20.3208873963	27.8831955232	23.3291684793	18.2997257535	37.675412253	18.3673142874	32.609311664	34.2898255141	32.3387788097	33.603163502	34.3010146403	39.6266599505	41.3164139401	36.8910552466	31.2096664797	nan	nan	nan	31.8764643157	33.7940897784
Ri	25.1355655881	15.0628680956	25.7022412195	20.6214671946	13.5426395892	0	12.1536930708	26.7713041183	13.1965038342	12.9117928524	30.6913445915	21.2109783424	12.9368621014	14.3809332103	28.6488455401	29.6147832165	16.1379457885	16.157836207	25.030619047	25.0427330334	27.1073679407	22.0767687578	29.0025443907	28.0336876393	30.2370579226	30.9353026148	32.9907878428	24.5546537709	16.0563742247	20.2865741242	21.7433838946	19.4115892348	23.0637341025	19.1365980505	7.9604402935	16.5266225536	32.812074527	24.9409935913	10.6644070312	22.4920377249	15.5897497393	22.6779335849	27.2034352473	15.2663742214	14.6687688012	33.7249702694	18.2240344924	18.5027803723	19.4398316561	16.6387592639	25.5781558663	14.9887696403	22.5437626897	24.3821911209	9.5699162387	10.2849577487	30.0906659639	35.5608060265	39.5996942563	11.3834077757	28.7835549734	17.0961182542	21.6760653477	20.7554944285	10.9737995998	34.7494518613	7.7206079573	22.5992079126	22.9397459832	26.4035165838	22.6693466661	22.6044901365	30.0513707167	32.5108205398	25.6557326913	23.5119074468	nan	nan	nan	22.3752633409	26.0248335995
2	31.4045449181	24.9078089605	30.016608249	31.051395653	11.5923662041	12.1536930708	0	29.864699306	13.4852354708	11.7207825795	33.4779295894	27.5408885575	22.5452631181	22.9755150305	33.330013842	34.6054672245	25.1150561599	24.1142568554	31.3518141858	30.6257309215	36.566287448	31.9850033727	37.3206665831	36.7926838602	38.2869222587	39.2376998011	40.3366652653	26.628101474	24.8265035717	23.5401455748	31.352131204	19.991006345	25.6642335453	25.44694304	12.4707060184	26.4387670582	35.7745883444	34.0980285591	20.8044386143	26.8996148751	20.2437774036	23.7941617268	26.9309790937	20.4131125003	18.4269772131	35.4531308857	15.5561419463	18.979916096	25.0553593551	25.6596176321	35.109762305	21.5411150572	31.2392697433	33.944686156	19.4466077132	15.7297571275	33.5165544796	39.1639842805	42.3605642772	19.5155048954	32.3182639797	21.587710762	26.0266099738	24.4530617531	18.4274252308	38.7805626917	17.644482019	31.971430546	33.3187768629	33.2399815304	32.8129750843	32.9720581903	37.6805685509	39.228873825	35.0330796588	31.5426662997	nan	nan	nan	31.4935492233	34.1980749086
FEF	49.9844489411	30.4858132897	47.9426400739	39.898549865	28.8751942979	26.7713041183	29.864699306	0	25.9932220567	26.8504168863	10.4568263762	45.8452781696	32.327997632	37.9156104951	16.3476981695	19.4131248076	27.6176708202	24.6373512849	20.393682333	17.6201627114	40.1687553942	39.88895397	35.2149555009	36.5420726617	33.445085658	33.6499563465	32.6065450154	45.3591149893	36.4276456957	19.3852632316	39.8067531554	35.8989452432	12.0220670607	38.470077015	29.9642556192	33.3202028202	11.1954304364	37.0276558891	32.441980428	46.2143418237	39.0448726004	18.7342005657	46.7368014302	39.3970127527	36.7632191817	13.6490264932	37.4791123242	20.9892397033	42.8694451502	40.3128338013	38.719457147	20.2535204268	45.7973613706	38.1804306378	28.0887772873	20.7494886378	13.0017450129	18.5778604101	18.6209771161	36.406999026	11.1584457022	14.5776589256	41.9270530256	14.3046031461	22.2129910261	18.4126329094	25.3212667097	35.1710982553	40.4969275891	24.4790027891	36.4524382903	42.0932888134	53.9188431598	57.1438756585	48.2978981669	29.309133257	nan	nan	nan	33.2306634868	27.9987594919
3a	31.3582694694	23.6428925816	26.9545348332	30.5340102061	13.516447927	13.1965038342	13.4852354708	25.9932220567	0	11.9225010666	31.5676997242	27.3838995376	21.7601279839	23.0416592354	30.2480187982	29.77760693	24.2140908816	23.530796318	28.2062051481	28.8701898299	33.5707535916	30.5453802936	36.4797159968	36.1043068923	37.4405849144	37.1061750119	39.4700711079	23.4324079166	23.5234958465	18.1279569437	30.4258108153	16.3391295922	20.598467415	23.3159096534	15.3375228419	25.1752195869	31.2552952656	31.2755528564	20.5363791929	26.461120176	20.9131257115	17.3207892517	23.2217582405	21.6631219358	18.0269947537	29.4206479697	14.8191772474	13.854901614	24.469401427	25.7252641999	33.940964416	21.4849867668	31.0745335128	31.5420113742	18.0817838473	17.3154414367	30.9867694242	33.8610582266	37.0474046297	20.2910529123	30.1811354487	21.7998976612	23.1583488716	25.2278070164	18.0667036761	34.0873438042	16.1775339355	29.2471501202	31.7673510893	31.3504925195	31.3387756583	31.8970657223	37.6063862957	39.3728069985	35.0290902473	30.9146687837	nan	nan	nan	29.7104551289	31.117192623
3b	32.0310794958	24.1320574191	29.6225206944	31.0681607419	11.7869505159	12.9117928524	11.7207825795	26.8504168863	11.9225010666	0	30.3076428918	28.2415499227	22.4563902269	23.6029836933	30.0337824747	31.4786676176	23.5083551302	22.012267289	28.1266606986	27.0778973788	35.5043336485	31.8828129	35.4678072396	35.1112403344	36.3228825172	36.9448213941	37.7860338482	26.460631799	24.6697923671	21.5118413741	31.7353640684	19.1826071476	22.8654990017	25.0645258919	13.7292001547	26.0502351408	32.834289849	32.8280704532	21.4519920294	27.2839002331	21.3379418329	21.0831407062	27.1599186248	21.6080145247	19.2786924033	32.4009226766	16.2839489988	16.5037573085	25.9512401321	26.251659035	34.1600417485	18.7855190758	31.8501661586	33.2894360227	18.9997873347	13.8237664072	29.9561907241	36.0283238552	39.3226222705	20.4613855206	29.239188653	18.2581367813	25.3669034589	21.5334186103	16.6466303818	35.655049827	16.751786708	30.6814376256	32.8278236028	30.2988109312	31.8713952024	32.8913396004	38.4240584914	40.2921200248	35.6899798555	29.3398113206	nan	nan	nan	30.1299820654	31.75037842
45	54.4038230666	32.5832450817	52.934475968	42.3971872085	32.2729247139	30.6913445915	33.4779295894	10.4568263762	31.5676997242	30.3076428918	0	50.4140939785	35.1982518812	41.4457172971	16.4012639928	20.8162888051	29.1880800367	26.089741952	21.2461648503	17.0613225801	41.5440897796	42.2998055837	34.9100572317	36.4859332069	33.0461562472	33.6567853233	31.8357009838	50.5580591461	40.1057145174	25.0506474003	42.3172597735	41.4326081692	17.3264896145	43.1243961531	33.6613131927	35.0833398407	10.2515906413	38.7458905998	35.6712688099	51.0951991321	43.7146186597	24.7674044464	52.2462455544	43.8488610282	41.650147564	17.7281438537	43.0202135417	26.3025144256	47.5462511828	43.8143777398	39.663148455	21.8820650312	49.1995801821	40.0856960349	31.260991402	23.4421768787	11.2060221177	19.0050886339	17.7853526859	40.4694402182	7.2650443153	15.9471975012	46.91216391	13.2683853371	24.853969927	18.566251156	28.5450819627	36.9890197963	42.2638655856	24.2166041079	37.6666089877	44.5282301077	57.797916972	61.3485471781	51.4036739695	29.3865929258	nan	nan	nan	34.5122254232	28.730434804
V3A	8.1395887285	25.5810478817	14.9705058178	23.5457010493	29.4531103103	21.2109783424	27.5408885575	45.8452781696	27.3838995376	28.2415499227	50.4140939785	0	24.0482322539	12.3664878838	46.4797634642	46.1809977351	30.3963015673	31.4198082901	41.4440823861	42.9704110468	31.3071902791	24.7055857525	40.3604331066	38.146439048	43.4433471783	43.1913257557	47.6025236459	16.2996127244	17.8102960176	33.5686343865	25.1020717422	21.0411950403	40.7061709714	18.0090919468	23.0495339918	28.066662981	51.7856300563	30.294703927	18.9372308927	9.3641766312	14.6238910061	36.2224329197	21.2123169614	14.4564129167	13.765719466	51.0520384725	21.2258161442	33.632651242	9.2287932714	13.3550438117	32.6738478002	32.657848135	15.6244622431	28.1689117543	24.1232477989	30.6322505057	48.9358819576	52.8078612594	57.5010636815	15.3985014753	48.4938628765	36.661624271	16.3746910932	41.0599974701	28.1413812188	52.4108716958	24.0830385454	29.201733257	26.8498632976	42.4826029253	30.9920416974	23.3922009205	18.1788343681	16.807949694	19.0451007577	37.051039829	nan	nan	nan	32.16899069	39.898386401
AUD	27.749612948	14.0612700453	29.0848451149	20.8020346402	23.9057215668	12.9368621014	22.5452631181	32.327997632	21.7601279839	22.4563902269	35.1982518812	24.0482322539	0	15.8336675977	32.4156850478	33.5960547787	11.537168142	13.7981657702	28.199052374	27.7688765271	25.6434870379	22.3667329235	26.354752817	25.7213486501	28.6391584774	30.7766008386	32.0491112929	28.5903899418	19.427308685	29.5363109597	23.6276703578	25.4747264234	29.8336132871	23.4247904369	17.0543047644	11.4302411553	37.7440776782	22.5894045259	11.3936474768	25.5832770332	19.9859284401	31.1715472258	32.10551889	17.9132288025	19.1134363204	39.8001002169	24.2497992554	26.5288190165	23.3700015767	18.0917924227	23.1913238419	15.8942064141	23.8524309053	23.7531738025	9.5700862868	18.8033381317	34.1326200619	40.0739801568	44.0385454903	11.6374475917	33.1687995118	20.511615241	25.9003252347	25.0571042392	13.249824458	39.0659624203	11.2645242056	20.4118181751	22.2690799804	27.3036234313	20.6868395548	22.6596061625	32.0030591169	35.3125220256	26.9347263918	20.7438159931	nan	nan	nan	20.8236750861	27.2392249116
MT	15.9317644398	14.1700382029	19.0678352327	13.1022767764	24.7979943135	14.3809332103	22.9755150305	37.9156104951	23.0416592354	23.6029836933	41.4457172971	12.3664878838	15.8336675977	0	37.4049553559	37.8669893226	19.1521030688	20.0919382945	32.0118670259	32.9838840719	21.7786850546	15.8416416759	28.4182027845	26.6219832601	31.7687375162	32.5676872687	36.0532089006	19.9583944248	11.5999381407	29.0408197703	17.0829235378	20.4802691295	34.2922944587	15.8091894832	18.1332979244	18.0733940851	43.9361894908	20.7766355685	8.1530907826	16.5952856787	16.0253907863	32.1695333847	23.9004060186	15.5422776941	13.7461151272	44.5245202462	20.4974570267	28.9547126357	13.2292475985	5.9737481573	21.6446715934	22.0669025026	11.434621176	19.2232027969	13.7339631247	22.7881662168	39.8652899073	45.0474297005	49.941153313	9.9770469819	39.4897456569	26.6979417083	17.1869694392	31.330893522	17.8002921308	44.1046295762	14.0171762008	19.0117072015	16.3347216177	31.5712601771	19.5317290015	13.734884095	19.9910761357	22.5474229962	14.8572711638	25.4539990677	nan	nan	nan	21.4413195813	29.6745193729
13	50.2260194569	28.0452851475	47.1608972788	37.6458639533	32.0591540955	28.6488455401	33.330013842	16.3476981695	30.2480187982	30.0337824747	16.4012639928	46.4797634642	32.4156850478	37.4049553559	0	6.5584262231	25.7485624836	22.7054855471	8.2167753137	8.1323844267	32.0260256899	35.580597215	27.8883172505	29.4927865238	25.3199392618	23.7551759437	23.9748728506	45.8225302845	33.5060921105	21.0191987851	34.8888942471	36.9154053459	18.5649121456	35.9781341223	33.413757833	31.7655200226	14.5616974819	31.2560665452	32.1778001963	47.6944312566	40.8667251175	23.4616703807	47.6034984398	41.7998404604	37.7734224604	18.0917565495	39.9243224347	26.3415226728	42.5144217173	39.8435516852	33.722554174	20.051656278	44.9988838947	31.9301755949	28.5119609606	23.1929693031	7.0921634891	10.6507432976	16.0168894269	37.3309095454	11.2630339647	15.751224411	40.2330311843	15.0364414272	22.6273863075	8.9486997068	25.6397553396	29.9054714262	37.3048563059	15.189069597	31.9751827474	39.6755738924	52.4841149312	56.4960219314	46.2835298416	23.7082308621	nan	nan	nan	26.755795011	17.6504032727
25	49.8158647194	29.6344463889	45.9608108088	38.7161383635	33.595932895	29.6147832165	34.6054672245	19.4131248076	29.77760693	31.4786676176	20.8162888051	46.1809977351	33.5960547787	37.8669893226	6.5584262231	0	28.3336410643	25.2792988615	8.2507123638	11.156519375	32.3492717865	36.0763551756	30.4050337413	31.5656573338	27.0844705881	24.6751669356	26.358358036	44.4545215778	32.9536360096	19.8395281977	34.9619089039	35.7040225796	20.0249323152	34.9350083503	34.7685077969	33.5384961982	17.4608010313	31.5008161789	33.2551633198	47.0126200172	40.8378961967	23.0473671746	46.228759785	41.95337066	37.3809523893	19.0375082125	39.0001686943	27.251634105	41.8039977808	40.4543175606	35.6743056847	22.8086710167	45.4729361022	31.7292437315	30.0712646981	25.2737177434	11.2458613286	9.460391595	16.7458089551	37.6380559958	15.5572871361	18.9117397495	39.0456921517	18.8641581512	24.7334841567	8.382440345	27.0533336272	30.4993862989	38.9892000609	17.2551024518	33.9945136628	41.1629636443	52.0454432694	55.8869896138	46.6763332339	26.3501496509	nan	nan	nan	27.3880755405	18.119711974
L	34.1387780997	8.6916796407	34.8783881158	18.2001474211	25.2055069356	16.1379457885	25.1150561599	27.6176708202	24.2140908816	23.5083551302	29.1880800367	30.3963015673	11.537168142	19.1521030688	25.7485624836	28.3336410643	0	4.3506404927	21.539728056	20.0495715753	21.1443133151	18.7703308155	17.6826280591	16.9741881545	19.0704264676	21.9464024814	21.7115751338	34.8974614325	20.2359761998	28.5780993413	20.5228246347	30.9054937211	28.0872213876	26.1477393711	22.7146241274	8.4062354046	32.9472378243	17.7899602816	12.507940559	33.6644396128	28.5664620198	30.893887892	38.306400714	27.1266259598	26.5805083775	36.4490027347	30.2885590065	26.4775622226	29.2127511377	21.2221159182	16.8499000373	8.4579992245	25.7982477615	19.8915266137	8.3508722562	16.9312140045	27.788799965	34.8188085549	39.4200695272	19.5385501538	26.4870842758	13.973253893	30.6144475462	18.8906967647	7.8756981978	33.1991457708	9.1449050001	15.5709927785	18.3172012465	18.2162100938	14.2582488912	20.2500026085	35.3745198077	39.8011714768	27.5975723942	10.6467130019	nan	nan	nan	13.9952174019	19.6263878289
RL	35.1470454026	8.6085245239	35.7016288103	18.1342750694	23.924912693	16.157836207	24.1142568554	24.6373512849	23.530796318	22.012267289	26.089741952	31.4198082901	13.7981657702	20.0919382945	22.7054855471	25.2792988615	4.3506404927	0	18.7382606997	16.9279526576	20.0766660113	18.3520113016	16.0308132284	15.5984011261	17.267792983	19.7746678511	19.5087634581	35.5573400779	20.2212305906	26.6668022104	20.0545263255	30.7186496916	25.6382671092	26.1570057251	22.3308753257	10.4226609011	29.7269743834	16.7454414677	13.8557663446	34.7895844631	29.2328469736	28.7628038174	38.7590025885	28.4554063462	27.0586433259	33.4929473971	30.63041193	24.9121910637	29.9066286252	22.0451879845	15.8833425578	5.5245424726	26.4248032433	18.9970712367	10.3472695032	14.8054490801	24.5656719161	31.7008121597	36.1348890383	20.9482451521	23.3413512016	10.7190089246	30.6834058147	15.5627806139	6.2914863707	30.0733569594	9.6409371132	14.6412273923	17.7053091827	15.49513987	13.5906972173	20.0659513853	35.8771830779	40.5272001327	27.7961917063	9.1357699351	nan	nan	nan	12.8744849181	17.0298387988
Pall	44.8830613035	22.6373991392	41.6220934707	32.14379311	30.3287759374	25.030619047	31.3518141858	20.393682333	28.2062051481	28.1266606986	21.2461648503	41.4440823861	28.199052374	32.0118670259	8.2167753137	8.2507123638	21.539728056	18.7382606997	0	6.6923797164	24.8707434573	29.4640460332	22.8121610134	23.9806384496	20.1701270673	17.2932093813	19.1884997289	40.9200584489	27.0000054591	20.5314198326	28.3632096372	33.318504628	21.0140709823	30.1718519611	30.8126355547	27.277393086	21.004270418	25.1149075242	27.2112058935	43.2823252746	37.0524463366	24.2630111723	43.2816045522	38.0788528699	33.6024022739	23.806518602	36.3126139025	26.56574688	37.1676103992	34.3311690717	28.1852821539	17.3378067178	39.6663624602	25.2037636483	24.3631160037	21.1977462752	13.293035924	16.3116734532	22.6478249371	32.7052397886	16.4232242385	14.7937882211	34.6524399471	15.6552587053	19.0342507197	14.7434441583	21.5756071125	23.9836387605	31.6346863663	10.1942942898	26.4443614088	33.8912209415	46.6337939436	50.8847484596	40.243472086	19.1094483089	nan	nan	nan	20.5523742144	10.5950757027
Pro	46.7312930885	22.5842047014	44.6796153176	31.9849531418	29.3367743247	25.0427330334	30.6257309215	17.6201627114	28.8701898299	27.0778973788	17.0613225801	42.9704110468	27.7688765271	32.9838840719	8.1323844267	11.156519375	20.0495715753	16.9279526576	6.6923797164	0	26.9504749731	30.0985960541	21.837062739	23.3894324748	18.8882173289	18.276656592	17.8344487335	43.7697291143	29.8921563008	22.4915576105	30.0940577466	35.7899041982	19.9941835384	33.3331024629	29.9402449014	26.0721887574	18.3788113544	25.5483765294	27.5324406036	44.9721376125	38.1671658719	25.2123527338	46.0855802417	38.7574185274	35.3325474176	22.7927927861	38.0426360161	26.3970367617	39.687425855	35.3839355716	27.6440612012	14.9098412424	40.1230868472	27.0092485968	24.0408743267	19.4615626933	10.6719343808	17.0601250717	21.9758832672	33.4824834807	12.3945048782	11.4962273114	37.9258965378	11.055096884	17.844596945	15.2696197985	21.3300755557	24.2415598303	31.5541443048	9.7879156635	25.9783637724	34.1144876127	48.0956866507	52.4562816006	41.2239034419	17.4987521144	nan	nan	nan	21.0786424057	12.997196478
PaS	33.3798293482	15.6919771732	32.2470896545	21.1429968425	37.5501033369	27.1073679407	36.566287448	40.1687553942	33.5707535916	35.5043336485	41.5440897796	31.3071902791	25.6434870379	21.7786850546	32.0260256899	32.3492717865	21.1443133151	20.0766660113	24.8707434573	26.9504749731	0	10.3233465428	17.9201938495	14.3688595356	17.690732426	14.9264637591	21.1188223742	33.4054388621	15.3599282099	36.3807887927	7.3361668166	33.4716132136	39.3281242125	22.7308409565	32.9950479524	24.4730318094	43.4584893789	6.876590912	19.9752088098	35.5730962811	34.0659189537	40.388750684	37.6936349561	33.1438305471	30.3536591125	46.3426269858	34.1654664402	38.1421624198	28.3045811966	23.4997212147	17.127931197	23.7699460928	26.6310782254	6.3313122899	23.6815273543	30.2476138636	36.247555262	40.6804742751	46.670037802	25.5608823553	37.8525108244	27.7737282811	27.7158146182	31.9872603049	22.954981674	39.2933412388	22.2448187808	8.5751341713	18.904140283	20.0463590797	16.6434158249	20.2276878537	31.1051025415	35.833878543	23.8087038466	17.0910997043	nan	nan	nan	9.6941877934	16.0727474647
TF	27.4156026722	12.7150607706	27.9912038064	15.7569201985	33.3149908872	22.0767687578	31.9850033727	39.88895397	30.5453802936	31.8828129	42.2998055837	24.7055857525	22.3667329235	15.8416416759	35.580597215	36.0763551756	18.7703308155	18.3520113016	29.4640460332	30.0985960541	10.3233465428	0	19.6182744745	16.4060493709	22.287264283	22.08923102	27.2165932492	29.5273815543	12.4488918951	34.569817307	9.6968274927	30.0787554343	38.390959561	19.886753447	27.828363657	21.7391817063	44.7208468437	8.9980751706	14.3058178915	29.847829027	28.8992198861	38.3553919008	33.7186224019	27.9186989309	25.8582809488	47.0661380878	30.7671059277	35.6500937337	23.4847577205	17.0658985465	14.5672631603	21.9904861341	20.0995949776	9.9785639743	19.4651267137	27.6398457334	39.2131399414	44.0575182956	49.6035702943	20.1861226994	39.1740380585	27.2262188347	24.41709031	31.8335632243	19.9380666141	42.6679486334	18.6489480051	8.9403421028	14.0763237449	26.2047026597	13.906750208	14.35835747	24.8186795472	29.5560682861	16.2747964223	18.9813374957	nan	nan	nan	11.5069905968	23.1163397497
AITd	43.3048139432	15.5171926085	43.8566311968	19.7155651136	37.167770281	29.0025443907	37.3206665831	35.2149555009	36.4797159968	35.4678072396	34.9100572317	40.3604331066	26.354752817	28.4182027845	27.8883172505	30.4050337413	17.6826280591	16.0308132284	22.8121610134	21.837062739	17.9201938495	19.6182744745	0	7.4442000031	11.6254689247	15.1559440631	13.7739142781	44.6681591005	27.431604533	37.6494762971	21.7539177071	41.5169591006	37.1373792886	34.0988487668	35.4030312473	22.2382961955	38.3083263225	15.6321430994	23.9146921813	44.7182603636	40.937587002	40.4275802922	48.8911110033	39.9999562462	38.0557865708	42.9009996791	41.764702891	37.785295535	39.0205738933	29.0473226428	10.930337244	19.2197237606	30.3239169504	18.137996365	23.4836157323	27.884719775	31.0974211174	37.6081838679	42.8563423903	31.5602281575	31.2455483261	22.3624997889	39.1416570345	25.9006325234	20.5904665629	35.6469787078	22.4434588879	14.7372628675	17.1792658915	15.4932455493	10.7313863416	21.567228417	40.9277819547	46.3459993771	31.1942136164	10.1958993657	nan	nan	nan	12.5980205383	16.9632013194
AITv	41.1430417978	14.3434658067	41.4001733787	19.0780493199	36.8831511459	28.0336876393	36.7926838602	36.5420726617	36.1043068923	35.1112403344	36.4859332069	38.146439048	25.7213486501	26.6219832601	29.4927865238	31.5656573338	16.9741881545	15.5984011261	23.9806384496	23.3894324748	14.3688595356	16.4060493709	7.4442000031	0	10.9173864276	14.3724252538	15.3606567265	42.4890485643	24.8006147986	37.5288483833	18.4699684544	40.2661457678	38.3300654219	31.9609947511	34.8462352694	21.6829088963	39.8719870868	12.9155096604	22.1521874949	42.7148673357	39.4523822108	40.891375756	46.7344423311	38.3076455266	36.5431859641	44.3304030641	40.4963290742	38.2294375186	36.6833531232	27.0434291465	9.2711901455	19.3185979969	28.9014804881	15.1681590989	22.4389012837	28.2176869646	32.8594577942	39.1382349214	44.392883669	30.0937716201	32.8766171363	23.2925544283	36.8144450991	27.3468752589	20.1351999441	37.1649953475	22.0415399485	12.1665975318	15.440735205	17.4615039436	10.3462534376	19.5228556695	38.1902128926	43.8417951215	28.2022296637	10.6823789394	nan	nan	nan	10.2489801674	17.0659885633
36	46.3825608325	18.9768738372	45.9394168879	26.0389763733	38.0169722448	30.2370579226	38.2869222587	33.445085658	37.4405849144	36.3228825172	33.0461562472	43.4433471783	28.6391584774	31.7687375162	25.3199392618	27.0844705881	19.0704264676	17.267792983	20.1701270673	18.8882173289	17.690732426	22.287264283	11.6254689247	10.9173864276	0	10.8930125937	8.9774427029	46.6646907719	29.3268065812	36.6358187177	22.4882849447	42.266430817	35.3445777819	35.5726499976	36.589123162	24.2858369061	35.8749356415	16.5380111263	26.8630306002	47.3355316764	42.5690310891	39.5812483322	50.2884242686	42.1151070479	39.4812584065	40.3433580076	43.2610375534	37.9781905127	41.2172956242	33.1929530095	17.4292467409	19.6186724179	35.7919848812	19.3527875011	25.2422503821	28.3294519488	28.4953073851	34.5570658244	39.5842510233	34.2521684385	29.2806601203	21.9099899662	40.5271160984	24.3324239276	21.6082775377	32.9125934945	24.3299402804	16.456330249	23.3897917288	12.5061808797	17.2268691701	27.3520498219	44.0460622557	49.0937690603	35.5793034784	11.5405219468	nan	nan	nan	13.5967357825	13.8298611487
ER	45.9465103446	20.9783121877	44.4758425949	28.7426403766	38.9152481419	30.9353026148	39.2376998011	33.6499563465	37.1061750119	36.9448213941	33.6567853233	43.1913257557	30.7766008386	32.5676872687	23.7551759437	24.6751669356	21.9464024814	19.7746678511	17.2932093813	18.276656592	14.9264637591	22.08923102	15.1559440631	14.3724252538	10.8930125937	0	9.9823952917	45.2402966295	27.9403464194	34.3210408034	20.5419566387	40.860504502	34.5931144466	33.824576772	37.5039257926	27.3207584387	35.5964345088	14.7818481102	28.0938781948	46.857962818	42.7117079403	37.9990141834	48.4305394323	42.5975759803	39.1968201982	39.3480277155	42.6220252506	37.839119152	40.0498013442	34.5120318476	20.8301862673	21.7079870526	37.6429128958	16.7253120256	27.362989474	29.2972297637	27.9834823563	32.7099749557	38.4280567479	35.1628883513	29.3474930658	23.1711353648	38.6781837732	25.2868294765	23.2889133708	31.1608048871	25.6301668665	16.324266442	26.5066137	11.1036977248	20.6955992452	29.8392914358	44.1906996817	49.1779839793	36.5685926408	14.8033376392	nan	nan	nan	13.2267933332	8.9861004176
35	50.7733539768	23.0880723604	49.6396884291	30.5067169581	39.6677610043	32.9907878428	40.3366652653	32.6065450154	39.4700711079	37.7860338482	31.8357009838	47.6025236459	32.0491112929	36.0532089006	23.9748728506	26.358358036	21.7115751338	19.5087634581	19.1884997289	17.8344487335	21.1188223742	27.2165932492	13.7739142781	15.3606567265	8.9774427029	9.9823952917	0	50.0236230833	33.1741778464	36.883087806	26.8853993124	44.9693542916	35.0947831818	38.8428360711	39.0196116185	27.6082451936	34.6117692997	20.5722305318	30.7882782477	51.1825016207	46.0201895633	39.6569428457	53.4471289459	45.7334852908	42.9698494122	39.2024043779	46.3461171099	38.9696529587	44.7701644662	37.3886374213	22.0817067465	21.0375179092	40.5462033386	22.8473884644	28.549181966	29.4581257011	27.0391106177	33.5805453302	38.623480752	38.3150741948	27.7915379704	21.6657255471	43.5628899709	23.6091489856	23.9119606748	31.7249281819	27.2845946368	21.0887770459	28.3318348515	10.3721395765	21.6422006934	32.14388149	48.9696431131	54.4114633182	40.37414349	13.8921898168	nan	nan	nan	17.1391796203	13.2248523917
MIP	16.8659797194	30.5996936442	6.8937571535	31.4025732944	28.4589406301	24.5546537709	26.628101474	45.3591149893	23.4324079166	26.460631799	50.5580591461	16.2996127244	28.5903899418	19.9583944248	45.8225302845	44.4545215778	34.8974614325	35.5573400779	40.9200584489	43.7697291143	33.4054388621	29.5273815543	44.6681591005	42.4890485643	46.6646907719	45.2402966295	50.0236230833	0	18.5341708998	30.1608601645	28.1587431749	13.0135754522	39.3202617303	14.5920214302	26.6877511961	32.9500383167	50.8384917182	33.3286022215	24.2103871083	18.3102126593	18.246648373	32.7717395617	6.2799137117	19.958204153	14.5961959669	48.8900579785	12.8990810177	31.8353884083	9.837509887	22.0931743227	38.8462055761	35.923981251	25.6365576345	30.7948843429	28.2976800991	33.3530919604	48.386695744	50.5392612065	55.8570459199	20.2411111633	48.5110346911	38.6378037989	9.9400738935	42.7165055483	31.6074529001	50.6069719454	27.2969552257	33.0451158862	34.0146923528	43.7140457191	36.9629848914	31.0274808189	26.005490672	24.5124173351	26.923655417	40.9623997792	nan	nan	nan	35.4231501783	40.6831710428
PS	19.9693297226	14.0288114863	17.5675989424	18.151072471	26.1629246085	16.0563742247	24.8265035717	36.4276456957	23.5234958465	24.6697923671	40.1057145174	17.8102960176	19.427308685	11.5999381407	33.5060921105	32.9536360096	20.2359761998	20.2212305906	27.0000054591	29.8921563008	15.3599282099	12.4488918951	27.431604533	24.8006147986	29.3268065812	27.9403464194	33.1741778464	18.5341708998	0	25.9371468475	8.7087808242	19.1473010528	32.9975103865	7.7173584077	21.5924204236	20.7968230301	41.7960411328	15.0188421991	11.3396016919	21.8017702709	20.4368415325	30.2167975772	23.0488318936	20.6864773978	16.334226172	42.2660308348	20.8106662144	28.8707105019	13.7914912467	13.8264840586	22.1280377848	22.1564867748	18.7797716155	12.5605266549	16.7154470612	23.4161627016	37.0519717716	40.6895364659	46.691736008	13.6437721647	37.364535602	26.0852062584	12.7872389238	30.7354766384	18.1857980562	39.6075200486	15.2477444264	14.6001773858	19.4154187888	27.8635089898	20.2978734133	18.1130090089	22.3070260106	25.8913392668	17.264583669	23.8839541051	nan	nan	nan	17.7077299932	24.5985468737
24	37.8820773197	28.5221116705	32.8826160327	35.4134050424	23.8756351974	20.2865741242	23.5401455748	19.3852632316	18.1279569437	21.5118413741	25.0506474003	33.5686343865	29.5363109597	29.0408197703	21.0191987851	19.8395281977	28.5780993413	26.6668022104	20.5314198326	22.4915576105	36.3807887927	34.569817307	37.6494762971	37.5288483833	36.6358187177	34.3210408034	36.883087806	30.1608601645	25.9371468475	0	34.5968217728	20.3842395977	15.64522531	25.145390347	24.2890160647	31.7784313975	22.8807572284	33.88859762	26.1936484633	33.0503889938	27.199245218	11.8763233081	30.6818488236	28.3871306388	23.7643874125	19.6266551256	23.1306722869	16.8782506762	30.1644429789	31.7383077145	37.9433189465	23.9747627898	37.2629330572	34.3326224098	23.871514642	22.4072695476	22.1412524761	22.7961938881	26.7048750669	26.9263221997	23.1593879015	21.3973730004	26.8799201846	23.530721157	22.3055179124	23.5044026132	22.0554561254	32.3904064082	36.9812130355	27.8405685413	35.7851388238	37.4905474348	43.4202022646	46.1168219574	40.5654106467	32.2019040233	nan	nan	nan	30.9325498708	27.7427009784
TH	27.5233429157	14.5631618824	26.1913164222	19.1737770454	32.8316018757	21.7433838946	31.352131204	39.8067531554	30.4258108153	31.7353640684	42.3172597735	25.1020717422	23.6276703578	17.0829235378	34.8888942471	34.9619089039	20.5228246347	20.0545263255	28.3632096372	30.0940577466	7.3361668166	9.6968274927	21.7539177071	18.4699684544	22.4882849447	20.5419566387	26.8853993124	28.1587431749	8.7087808242	34.5968217728	0	27.9744869133	37.6876831002	17.248088612	27.5957496647	23.2934845153	44.5889133539	8.5944385457	15.7848813735	29.4190497226	28.2421129159	37.9972590593	31.3618016099	27.5789818689	24.943125298	46.7311208619	29.8126998863	35.2870785276	22.4244270075	18.9183570744	18.2696508922	23.3041908657	22.644627225	7.6045237711	20.240531667	27.9028916169	38.8679776501	43.0690268075	48.9366189647	20.5554731296	39.165263305	27.788583257	21.862042418	32.4124037656	20.9961829471	41.6580677374	18.8513947628	9.8007537755	18.1237070404	26.3262917766	17.2473539238	18.0715399707	26.2679241659	30.7551051098	19.8625127932	20.6513824966	nan	nan	nan	12.3410680612	21.9633129865
23	24.6801863015	28.0558184837	16.4452793114	31.5458031035	21.3222040264	19.4115892348	19.991006345	35.8989452432	16.3391295922	19.1826071476	41.4326081692	21.0411950403	25.4747264234	20.4802691295	36.9154053459	35.7040225796	30.9054937211	30.7186496916	33.318504628	35.7899041982	33.4716132136	30.0787554343	41.5169591006	40.2661457678	42.266430817	40.860504502	44.9693542916	13.0135754522	19.1473010528	20.3842395977	27.9744869133	0	30.0992247793	15.0653906391	22.190484654	30.0670828275	41.1788292413	32.6969151627	22.6158149562	19.8199481202	17.133425214	23.4117617255	12.6484755794	19.1110184198	13.0976236285	38.6167227587	10.5690136899	22.9672271112	15.2313324146	23.2969702154	37.7679510414	29.8814093287	28.2327466859	30.7557301995	23.9938307588	27.2227682543	39.1418293699	41.1184401345	45.6052693522	19.2060289074	39.782765761	31.1735626209	12.6402830297	34.9664462675	25.9230890007	41.2656854331	22.6988594934	31.9160830393	34.4461552078	37.4892805374	35.3906742149	32.7658270534	31.9083252714	32.3791189158	31.5566071924	36.9556206896	nan	nan	nan	32.6067148589	35.1726845895
6	44.8784922587	29.7427533239	42.2744610336	38.0583074961	24.9827313047	23.0637341025	25.6642335453	12.0220670607	20.598467415	22.8654990017	17.3264896145	40.7061709714	29.8336132871	34.2922944587	18.5649121456	20.0249323152	28.0872213876	25.6382671092	21.0140709823	19.9941835384	39.3281242125	38.390959561	37.1373792886	38.3300654219	35.3445777819	34.5931144466	35.0947831818	39.3202617303	32.9975103865	15.64522531	37.6876831002	30.0992247793	0	34.2202281452	25.7789026027	32.5371974306	16.0904020409	36.4712562066	29.4981659545	40.6476031502	33.860091632	12.6173758149	40.3601546036	34.2182614232	31.4415791295	14.5108825875	30.9875137716	15.6273348423	37.8148808645	36.7856381331	39.4677273332	21.5936816944	42.0838890967	36.3614789503	25.8080749033	19.8951535226	16.6316917611	20.3644784657	21.6986464612	31.9276296511	16.2948915332	17.6058841216	36.7992563242	18.7378623388	21.5671296791	20.7005374925	22.6729472322	34.5986652291	39.6425106085	26.358587471	36.5709003382	40.4398368946	49.8555317418	52.5041487618	45.2263089944	31.4445948977	nan	nan	nan	33.5571705455	28.5055016998
29	19.6781022054	20.995245256	13.6581803185	24.7219433	27.0804168695	19.1365980505	25.44694304	38.470077015	23.3159096534	25.0645258919	43.1243961531	18.0090919468	23.4247904369	15.8091894832	35.9781341223	34.9350083503	26.1477393711	26.1570057251	30.1718519611	33.3331024629	22.7308409565	19.886753447	34.0988487668	31.9609947511	35.5726499976	33.824576772	38.8428360711	14.5920214302	7.7173584077	25.145390347	17.248088612	15.0653906391	34.2202281452	0	23.7256883339	26.1636051713	43.6391843808	22.672365783	17.4326090914	19.9117612525	19.0684302659	29.4524860138	17.8036631239	20.2159122571	14.935601644	42.9173427434	18.1664732691	29.1899540461	11.9451217529	18.3487350457	29.4560186079	27.2309770185	22.8369129528	20.1543095227	21.6292528129	26.8797482573	39.5410767964	42.0962014277	47.8967131317	16.5778864834	40.3018403994	30.192375516	7.3071004255	34.4770285302	23.2246565028	41.4833376358	19.8134022794	22.41520617	26.5881640861	32.4212853621	27.5786694611	25.077914555	25.3797759935	26.7220516332	23.6622192621	30.2193050433	nan	nan	nan	24.3608519035	29.215685545
7b	27.2715822841	21.4840981935	28.0177397738	26.2226101108	14.2502836829	7.9604402935	12.4707060184	29.9642556192	15.3375228419	13.7292001547	33.6613131927	23.0495339918	17.0543047644	18.1332979244	33.413757833	34.7685077969	22.7146241274	22.3308753257	30.8126355547	29.9402449014	32.9950479524	27.828363657	35.4030312473	34.8462352694	36.589123162	37.5039257926	39.0196116185	26.6877511961	21.5924204236	24.2890160647	27.5957496647	22.190484654	25.7789026027	23.7256883339	0	21.9591409017	36.0111565781	30.8762917434	16.0562434024	22.5091043557	14.4518039327	25.6934011549	29.4077615582	13.5102090519	15.5050773604	36.8181477113	19.7799478553	20.7248260925	21.6249344173	20.7068564167	31.9946699874	20.4476565332	26.351961713	30.0167309122	16.1303410878	13.6266225021	33.8483402187	39.8734628757	43.00736816	13.4757339705	32.1260423864	20.8923163959	24.8426758221	23.695333554	17.0163275601	39.1696400806	14.3098094283	28.6907337131	28.8973661372	32.1249517181	29.1143159811	27.9908831288	33.2072043181	35.1189825418	30.0725670329	29.8150050229	nan	nan	nan	28.790138569	32.4288103664
STPp	31.6863797714	12.3545727333	32.9146839359	20.2160048425	27.5433350374	16.5266225536	26.4387670582	33.3202028202	25.1752195869	26.0502351408	35.0833398407	28.066662981	11.4302411553	18.0733940851	31.7655200226	33.5384961982	8.4062354046	10.4226609011	27.277393086	26.0721887574	24.4730318094	21.7391817063	22.2382961955	21.6829088963	24.2858369061	27.3207584387	27.6082451936	32.9500383167	20.7968230301	31.7784313975	23.2934845153	30.0670828275	32.5371974306	26.1636051713	21.9591409017	0	38.4475797964	21.2491947323	11.9217994787	30.7575654181	25.5479988845	33.902163498	36.6237360642	23.5658792677	24.3272330482	41.3922138674	29.0453561855	29.7113288135	27.2261427002	20.0384087023	20.8933274806	14.1652587562	25.465155014	22.6153882415	9.4282544975	20.9287901502	33.4715703599	40.4419421238	44.5471587129	16.0001378439	32.8592168843	19.5952342831	29.4598825774	24.4519407574	13.1001804433	39.1069558245	11.8220142271	19.2068806753	21.6145582413	24.3215461029	18.5497903222	22.5324058391	34.2675661606	37.9944569149	27.6695973307	15.9807751188	nan	nan	nan	18.5106512956	25.1295286877
46	55.8924498335	35.9803326573	53.3325788846	45.3772915018	34.7770908567	32.812074527	35.7745883444	11.1954304364	31.2552952656	32.834289849	10.2515906413	51.7856300563	37.7440776782	43.9361894908	14.5616974819	17.4608010313	32.9472378243	29.7269743834	21.004270418	18.3788113544	43.4584893789	44.7208468437	38.3083263225	39.8719870868	35.8749356415	35.5964345088	34.6117692997	50.8384917182	41.7960411328	22.8807572284	44.5889133539	41.1788292413	16.0904020409	43.6391843808	36.0111565781	38.4475797964	0	40.809238292	38.4334008308	51.9854326658	45.1281230142	22.1110711839	52.0061828728	45.4327774656	42.6416502547	11.0284841639	42.8961859439	26.1838813663	48.95431009	46.3683359991	43.2098316352	25.5652231393	51.5232244232	42.1389585117	34.0815487929	26.4216183816	9.7895446899	13.0613881423	10.7060464558	42.4128202552	9.0289501689	19.749424801	47.1301741039	18.2611715352	27.9526952171	13.2022981931	31.2490639679	39.3102373109	45.7649331128	26.3402525062	41.2035231102	47.6945161832	59.4547068439	62.9168358743	54.0526497654	33.0825815159	nan	nan	nan	37.0307860979	29.9201748138
S	32.6259262113	12.4904566804	31.7794501659	18.0947840884	34.7470196136	24.9409935913	34.0980285591	37.0276558891	31.2755528564	32.8280704532	38.7458905998	30.294703927	22.5894045259	20.7766355685	31.2560665452	31.5008161789	17.7899602816	16.7454414677	25.1149075242	25.5483765294	6.876590912	8.9980751706	15.6321430994	12.9155096604	16.5380111263	14.7818481102	20.5722305318	33.3286022215	15.0188421991	33.88859762	8.5944385457	32.6969151627	36.4712562066	22.672365783	30.8762917434	21.2491947323	40.809238292	0	17.9581687559	34.7660587039	33.2656284361	37.7490688849	37.2844778686	32.3514811226	29.8044168276	44.1689251361	33.6271835933	35.3699671745	27.7643908347	22.0421422552	14.6950121518	20.2456035735	24.9981712404	7.5879873563	20.793227464	26.958351998	35.2139095852	39.7532164559	44.7890102025	24.4070083298	35.1120312502	24.3508790144	27.4615193938	28.7986845314	19.6641806812	38.4837073247	19.4775051964	7.5872080707	15.8551228195	20.3106761201	14.1479431524	17.4349347461	30.5735474353	34.9892534019	22.2470742864	14.9771593293	nan	nan	nan	7.9625154642	16.789578608
MSTl	22.5914109724	8.7663694517	24.0130735042	12.0770073113	22.4492562255	10.6644070312	20.8044386143	32.441980428	20.5363791929	21.4519920294	35.6712688099	18.9372308927	11.3936474768	8.1530907826	32.1778001963	33.2551633198	12.507940559	13.8557663446	27.2112058935	27.5324406036	19.9752088098	14.3058178915	23.9146921813	22.1521874949	26.8630306002	28.0938781948	30.7882782477	24.2103871083	11.3396016919	26.1936484633	15.7848813735	22.6158149562	29.4981659545	17.4326090914	16.0562434024	11.9217994787	38.4334008308	17.9581687559	0	22.7026747565	18.7135754406	29.3724007118	28.3007698513	17.1747262606	16.8532572314	40.0118903528	21.6113832625	25.8924332241	17.9771559225	9.8831148399	17.698891087	15.7917513849	15.6513436979	17.5464130796	7.5409478231	17.9577941359	34.560542614	40.2153563441	45.0037380047	9.1254708261	33.3631862428	20.7727477688	20.576961989	25.5219026895	11.5952511834	38.9436201464	8.4538762201	15.5922636468	13.9434516908	26.3249878003	15.1278450534	13.2247386015	24.4386209695	28.3586439635	17.4125769303	19.823342246	nan	nan	nan	16.858963841	25.0364130185
DP	15.0868380972	29.6329023026	18.9046529628	28.2458290677	28.627005587	22.4920377249	26.8996148751	46.2143418237	26.461120176	27.2839002331	51.0951991321	9.3641766312	25.5832770332	16.5952856787	47.6944312566	47.0126200172	33.6644396128	34.7895844631	43.2823252746	44.9721376125	35.5730962811	29.847829027	44.7182603636	42.7148673357	47.3355316764	46.857962818	51.1825016207	18.3102126593	21.8017702709	33.0503889938	29.4190497226	19.8199481202	40.6476031502	19.9117612525	22.5091043557	30.7575654181	51.9854326658	34.7660587039	22.7026747565	0	10.0602557893	35.69664998	21.978209774	11.4748995768	11.0983709516	50.9123550497	20.7831076988	33.4507457613	12.2591809433	17.7741611882	37.6581640784	35.3965749989	20.3770055116	32.6517858398	26.7495717535	32.0005668267	49.8508691301	53.054135736	57.7881201857	17.0813707187	49.3042343538	38.5171683956	17.2010962105	42.4858688097	30.8733401562	52.8660133337	26.4932415605	34.0167516654	31.8704687953	45.2174547566	35.6734903096	28.5482350655	24.5532267743	23.6553471449	25.4291503255	40.8929244777	nan	nan	nan	36.3739980979	42.6796234586
LIP	19.3096593178	26.2497978041	19.4870867468	27.9902573556	22.1914930083	15.5897497393	20.2437774036	39.0448726004	20.9131257115	21.3379418329	43.7146186597	14.6238910061	19.9859284401	16.0253907863	40.8667251175	40.8378961967	28.5664620198	29.2328469736	37.0524463366	38.1671658719	34.0659189537	28.8992198861	40.937587002	39.4523822108	42.5690310891	42.7117079403	46.0201895633	18.246648373	20.4368415325	27.199245218	28.2421129159	17.133425214	33.860091632	19.0684302659	14.4518039327	25.5479988845	45.1281230142	33.2656284361	18.7135754406	10.0602557893	0	29.7016011824	21.1446877832	7.1485380054	7.3688403285	44.2497445874	16.730421358	26.5982692748	13.6358809353	18.5600851292	35.5166268316	29.0249801113	23.2989926871	31.0687445112	20.8332427203	24.7682040196	42.5847418511	46.9907016198	51.053706367	12.4188530956	42.2687198027	31.0626073514	16.9665054408	34.6790512947	24.5859537832	46.5473246414	20.6049980728	32.0411324718	31.1579701325	39.571236069	33.0711625415	29.0795461755	27.5828317614	27.7636288244	27.9535385325	36.2373348873	nan	nan	nan	33.1689073969	38.05208372
SMA	40.6233662392	31.3903639742	36.1815336494	38.6471132996	23.6535918768	22.6779335849	23.7941617268	18.7342005657	17.3207892517	21.0831407062	24.7674044464	36.2224329197	31.1715472258	32.1695333847	23.4616703807	23.0473671746	30.893887892	28.7628038174	24.2630111723	25.2123527338	40.388750684	38.3553919008	40.4275802922	40.891375756	39.5812483322	37.9990141834	39.6569428457	32.7717395617	30.2167975772	11.8763233081	37.9972590593	23.4117617255	12.6173758149	29.4524860138	25.6934011549	33.902163498	22.1110711839	37.7490688849	29.3724007118	35.69664998	29.7016011824	0	33.2931431919	30.6920393867	26.4684242443	17.3573208471	24.5927135352	14.2029517995	33.0959081986	34.8171261998	41.3191486294	25.5050362946	40.3378683556	38.1037781024	26.6626551215	23.2247398532	23.0495859854	23.9887289568	26.3212205323	29.5069046458	23.3569740038	22.4176359239	30.8304442698	24.4765399913	24.193038643	24.8513780306	24.1757898827	36.0185036981	40.4094825478	30.7095269483	38.6922436943	40.8747987436	46.6287132193	48.8688116706	43.9885152853	34.8115161565	nan	nan	nan	34.8921206775	31.324565758
MDP	21.9668338797	34.2015219601	10.0291207541	35.9054162556	28.7097209601	27.2034352473	26.9309790937	46.7368014302	23.2217582405	27.1599186248	52.2462455544	21.2123169614	32.10551889	23.9004060186	47.6034984398	46.228759785	38.306400714	38.7590025885	43.2816045522	46.0855802417	37.6936349561	33.7186224019	48.8911110033	46.7344423311	50.2884242686	48.4305394323	53.4471289459	6.2799137117	23.0488318936	30.6818488236	31.3618016099	12.6484755794	40.3601546036	17.8036631239	29.4077615582	36.6237360642	52.0061828728	37.2844778686	28.3007698513	21.978209774	21.1446877832	33.2931431919	0	23.2178390873	17.3746791003	49.6027225536	12.0601848841	32.2510168931	14.2207178054	26.3208806037	43.0795251237	38.6837253373	30.4696688054	34.9258806468	31.7599122327	35.7525418517	50.2044606507	51.734495587	56.7802842654	24.0718772771	50.3751998862	41.0543090824	12.3688338658	45.0000191749	34.4359895804	51.9946141389	30.1886723238	36.9327134143	38.7172535351	46.6880241139	41.0022427629	36.0139001745	30.8357895328	29.2080624884	31.9364987369	44.4742473866	nan	nan	nan	39.3902141683	43.5579777562
7a	19.8713932254	24.7054939569	20.9237719928	26.4735400554	22.3532780324	15.2663742214	20.4131125003	39.3970127527	21.6631219358	21.6080145247	43.8488610282	14.4564129167	17.9132288025	15.5422776941	41.7998404604	41.95337066	27.1266259598	28.4554063462	38.0788528699	38.7574185274	33.1438305471	27.9186989309	39.9999562462	38.3076455266	42.1151070479	42.5975759803	45.7334852908	19.958204153	20.6864773978	28.3871306388	27.5789818689	19.1110184198	34.2182614232	20.2159122571	13.5102090519	23.5658792677	45.4327774656	32.3514811226	17.1747262606	11.4748995768	7.1485380054	30.6920393867	23.2178390873	0	9.4189260778	44.8940113468	18.0803798032	27.3248039933	14.5184944876	18.0478391156	33.8573136975	28.6692240812	22.4354114216	30.1966291272	19.7168013836	24.2470577591	43.2902002354	47.6335100428	51.8353689666	10.9544998585	42.2276058962	31.0545841394	18.6224603024	34.7195182036	24.2847571433	47.3062076883	19.9259042729	30.9499944518	29.6996864057	39.6943966226	31.4108625311	27.825800122	27.5883930915	28.2272737756	27.4422231609	35.3226646295	nan	nan	nan	32.4338059093	38.2080199845
VIP	18.0693321232	23.8093813805	15.9975831036	25.660068342	20.4805071429	14.6687688012	18.4269772131	36.7632191817	18.0269947537	19.2786924033	41.650147564	13.765719466	19.1134363204	13.7461151272	37.7734224604	37.3809523893	26.5805083775	27.0586433259	33.6024022739	35.3325474176	30.3536591125	25.8582809488	38.0557865708	36.5431859641	39.4812584065	39.1968201982	42.9698494122	14.5961959669	16.334226172	23.7643874125	24.943125298	13.0976236285	31.4415791295	14.935601644	15.5050773604	24.3272330482	42.6416502547	29.8044168276	16.8532572314	11.0983709516	7.3688403285	26.4684242443	17.3746791003	9.4189260778	0	41.3761607709	13.1727528755	24.0093960747	11.2367387921	16.3931854493	33.0707081091	26.8589754773	21.4282212756	27.5014378048	19.1526524978	23.7529664539	39.9111716474	43.6971017641	48.08648538	11.5104724953	40.0874997893	29.4094258848	13.1284501191	33.3878088738	22.4599140656	43.418490761	18.6061396435	28.7664649852	28.765647335	36.4933847573	30.7471189752	26.6163009025	25.80232664	26.3111921916	25.5467810133	33.6051844158	nan	nan	nan	29.7535565964	34.4247178551
9	55.3872540842	38.7773668108	51.8173909398	47.8651106857	34.6043029129	33.7249702694	35.4531308857	13.6490264932	29.4206479697	32.4009226766	17.7281438537	51.0520384725	39.8001002169	44.5245202462	18.0917565495	19.0375082125	36.4490027347	33.4929473971	23.806518602	22.7927927861	46.3426269858	47.0661380878	42.9009996791	44.3304030641	40.3433580076	39.3480277155	39.2024043779	48.8900579785	42.2660308348	19.6266551256	46.7311208619	38.6167227587	14.5108825875	42.9173427434	36.8181477113	41.3922138674	11.0284841639	44.1689251361	40.0118903528	50.9123550497	44.2497445874	17.3573208471	49.6027225536	44.8940113468	41.3761607709	0	40.4471177498	24.6250631152	47.8626736509	47.1988342538	47.0610110186	29.3381302358	52.5619640159	44.6012991322	35.8765318839	29.2569717758	14.6583648669	14.0824607562	12.3250929536	42.6361957591	15.6314624251	23.829826407	45.6103752722	23.5594817048	30.7287784397	15.2343496699	33.1119506713	42.4175473444	48.6874002682	30.5444841157	44.8569651225	50.1685265622	59.9619305776	62.8893372676	55.6825340608	37.5883140987	nan	nan	nan	40.3610270138	33.1020513877
5	25.2621375163	27.6568831929	17.4264208626	30.7500067236	17.342305449	18.2240344924	15.5561419463	37.4791123242	14.8191772474	16.2839489988	43.0202135417	21.2258161442	24.2497992554	20.4974570267	39.9243224347	39.0001686943	30.2885590065	30.63041193	36.3126139025	38.0426360161	34.1654664402	30.7671059277	41.764702891	40.4963290742	43.2610375534	42.6220252506	46.3461171099	12.8990810177	20.8106662144	23.1306722869	29.8126998863	10.5690136899	30.9875137716	18.1664732691	19.7799478553	29.0453561855	42.8961859439	33.6271835933	21.6113832625	20.7831076988	16.730421358	24.5927135352	12.0601848841	18.0803798032	13.1727528755	40.4471177498	0	22.2088483936	16.6950919132	22.9684090678	37.3643890757	30.0575587586	27.7282778153	31.6173476425	23.1836283635	26.2881263158	41.6899885231	44.223931591	48.1698423625	18.0157685089	41.4868108942	31.9463352452	15.779066622	35.7762188479	25.8796092063	44.4683654483	21.9829602725	32.3722952509	33.5984818171	39.29880079	34.9083677505	31.9408623098	32.2231320117	32.7650187987	31.4932023268	37.1316283085	nan	nan	nan	33.5153284963	37.3763605846
4	38.0187322835	27.5937682901	35.4276008209	34.9537869572	18.6256562876	18.5027803723	18.979916096	20.9892397033	13.854901614	16.5037573085	26.3025144256	33.632651242	26.5288190165	28.9547126357	26.3415226728	27.251634105	26.4775622226	24.9121910637	26.56574688	26.3970367617	38.1421624198	35.6500937337	37.785295535	38.2294375186	37.9781905127	37.839119152	38.9696529587	31.8353884083	28.8707105019	16.8782506762	35.2870785276	22.9672271112	15.6273348423	29.1899540461	20.7248260925	29.7113288135	26.1838813663	35.3699671745	25.8924332241	33.4507457613	26.5982692748	14.2029517995	32.2510168931	27.3248039933	24.0093960747	24.6250631152	22.2088483936	0	31.1680417845	31.68675509	37.4301083991	21.6886546855	37.1016682018	35.9945377086	23.0266642833	18.258175698	25.5181833451	29.7455251526	32.0984316666	26.1338846189	25.0206867435	19.7446149426	30.495057619	22.1054144635	19.8491191833	29.8048449343	20.293231243	33.2004732681	36.7897549008	30.5114569954	35.0326105352	37.2403795057	43.6589929682	45.9009931539	40.664708218	31.945988481	nan	nan	nan	32.6694463386	31.8043455083
PIP	10.6321589902	24.5576067223	9.4822555021	24.8218795289	27.4099141009	19.4398316561	25.0553593551	42.8694451502	24.469401427	25.9512401321	47.5462511828	9.2287932714	23.3700015767	13.2292475985	42.5144217173	41.8039977808	29.2127511377	29.9066286252	37.1676103992	39.687425855	28.3045811966	23.4847577205	39.0205738933	36.6833531232	41.2172956242	40.0498013442	44.7701644662	9.837509887	13.7914912467	30.1644429789	22.4244270075	15.2313324146	37.8148808645	11.9451217529	21.6249344173	27.2261427002	48.95431009	27.7643908347	17.9771559225	12.2591809433	13.6358809353	33.0959081986	14.2207178054	14.5184944876	11.2367387921	47.8626736509	16.6950919132	31.1680417845	0	15.2451282319	32.4414654322	30.7723249591	18.5930531736	25.4994134492	22.637191681	29.0175086187	45.2938292149	48.8951100659	54.0291089323	14.4513648961	45.7223016335	34.143182356	9.540340304	38.4728894665	26.3078488826	48.4327596772	22.2939339963	27.2218555658	27.5755411987	39.3773040521	30.5413446697	24.5656700329	19.775921619	18.8088034611	20.1436728151	35.3037777768	nan	nan	nan	29.933794889	36.3071194725
V4t	17.0038254859	15.7061458128	21.2798871676	11.6365606066	27.5222030907	16.6387592639	25.6596176321	40.3128338013	25.7252641999	26.251659035	43.8143777398	13.3550438117	18.0917924227	5.9737481573	39.8435516852	40.4543175606	21.2221159182	22.0451879845	34.3311690717	35.3839355716	23.4997212147	17.0658985465	29.0473226428	27.0434291465	33.1929530095	34.5120318476	37.3886374213	22.0931743227	13.8264840586	31.7383077145	18.9183570744	23.2969702154	36.7856381331	18.3487350457	20.7068564167	20.0384087023	46.3683359991	22.0421422552	9.8831148399	17.7741611882	18.5600851292	34.8171261998	26.3208806037	18.0478391156	16.3931854493	47.1988342538	22.9684090678	31.68675509	15.2451282319	0	21.0873722124	24.1517288384	9.9336313393	21.0566430698	16.0722930249	25.0940330004	42.4022922959	47.5213050557	52.6117302468	12.1084661462	41.7526492074	29.0206138528	19.6517108718	33.7541109637	19.8257261939	46.4772403445	16.3076078983	20.2114317184	14.8067469184	33.6723114055	19.2049981737	12.0573097121	20.5075843422	23.1293327593	15.0568416686	27.0028577553	nan	nan	nan	22.9124936538	31.9089245608
CITv	36.0372523303	11.8374536739	37.6028837175	12.6766317785	35.6213399945	25.5781558663	35.109762305	38.719457147	33.940964416	34.1600417485	39.663148455	32.6738478002	23.1913238419	21.6446715934	33.722554174	35.6743056847	16.8499000373	15.8833425578	28.1852821539	27.6440612012	17.127931197	14.5672631603	10.930337244	9.2711901455	17.4292467409	20.8301862673	22.0817067465	38.8462055761	22.1280377848	37.9433189465	18.2696508922	37.7679510414	39.4677273332	29.4560186079	31.9946699874	20.8933274806	43.2098316352	14.6950121518	17.698891087	37.6581640784	35.5166268316	41.3191486294	43.0795251237	33.8573136975	33.0707081091	47.0610110186	37.3643890757	37.4301083991	32.4414654322	21.0873722124	0	19.9415545293	22.5298780363	17.2526597788	20.4813669708	28.282117329	36.8532622214	43.2718752713	48.4848303085	25.7040235483	36.4316318025	25.2014702987	34.0578205121	29.7658445864	19.6460026539	41.412344504	20.1140962571	13.1942140986	9.2811007105	22.4363201246	6.3943931039	12.9432760506	33.447904535	38.7615239316	22.4359648742	13.8156912126	nan	nan	nan	12.1656070157	22.1015295228
Ig	36.5082609145	11.9323711314	36.8239407868	21.5275062038	20.9124765065	14.9887696403	21.5411150572	20.2535204268	21.4849867668	18.7855190758	21.8820650312	32.657848135	15.8942064141	22.0669025026	20.051656278	22.8086710167	8.4579992245	5.5245424726	17.3378067178	14.9098412424	23.7699460928	21.9904861341	19.2197237606	19.3185979969	19.6186724179	21.7079870526	21.0375179092	35.923981251	22.1564867748	23.9747627898	23.3041908657	29.8814093287	21.5936816944	27.2309770185	20.4476565332	14.1652587562	25.5652231393	20.2456035735	15.7917513849	35.3965749989	29.0249801113	25.5050362946	38.6837253373	28.6692240812	26.8589754773	29.3381302358	30.0575587586	21.6886546855	30.7723249591	24.1517288384	19.9415545293	0	29.1330524408	22.2519876293	11.8972650824	11.4451133686	20.9702293272	28.5507514132	32.3812472168	22.2991364436	19.529732576	6.4272840527	31.5008631147	11.3669655398	5.0918467419	27.0666013819	9.984825419	18.1470534299	21.7000032823	15.3815002769	17.6303834077	23.8287039763	38.2652915518	42.4989673347	30.7979060361	12.3145138385	nan	nan	nan	16.5478335533	17.9886669864
V4	18.5240177597	19.1752828406	24.5549073487	14.1272227945	33.2663167778	22.5437626897	31.2392697433	45.7973613706	31.0745335128	31.8501661586	49.1995801821	15.6244622431	23.8524309053	11.434621176	44.9988838947	45.4729361022	25.7982477615	26.4248032433	39.6663624602	40.1230868472	26.6310782254	20.0995949776	30.3239169504	28.9014804881	35.7919848812	37.6429128958	40.5462033386	25.6365576345	18.7797716155	37.2629330572	22.644627225	28.2327466859	42.0838890967	22.8369129528	26.351961713	25.465155014	51.5232244232	24.9981712404	15.6513436979	20.3770055116	23.2989926871	40.3378683556	30.4696688054	22.4354114216	21.4282212756	52.5619640159	27.7282778153	37.1016682018	18.5930531736	9.9336313393	22.5298780363	29.1330524408	0	23.8153824685	21.9731843863	30.7397163841	47.6174858642	52.6318461056	57.501657452	17.7582541914	46.989590686	34.2123574032	23.9669439181	38.9717444667	25.2494064032	51.6753609483	22.1849692167	23.2595081504	16.3308030868	37.8618827528	20.8533736748	13.0997595866	21.172709492	22.9099826645	14.5730112864	30.020924146	nan	nan	nan	25.8150660005	35.952453872
PrS	30.554314692	14.3482286358	29.5197923949	19.438342455	35.5658028557	24.3821911209	33.944686156	38.1804306378	31.5420113742	33.2894360227	40.0856960349	28.1689117543	23.7531738025	19.2232027969	31.9301755949	31.7292437315	19.8915266137	18.9970712367	25.2037636483	27.0092485968	6.3313122899	9.9785639743	18.137996365	15.1681590989	19.3527875011	16.7253120256	22.8473884644	30.7948843429	12.5605266549	34.3326224098	7.6045237711	30.7557301995	36.3614789503	20.1543095227	30.0167309122	22.6153882415	42.1389585117	7.5879873563	17.5464130796	32.6517858398	31.0687445112	38.1037781024	34.9258806468	30.1966291272	27.5014378048	44.6012991322	31.6173476425	35.9945377086	25.4994134492	21.0566430698	17.2526597788	22.2519876293	23.8153824685	0	21.87273259	27.8586066007	35.8912955865	39.9786919866	45.7828903328	22.5997453723	36.6731461854	26.0978687427	24.9740188868	30.2523764284	21.2847536516	38.775697076	20.297578616	8.842598613	18.0177787237	22.3941528534	16.4156088717	18.8332971642	28.8411098944	33.2474166652	21.7797658234	17.7834175394	nan	nan	nan	9.8949949909	18.136161088
CM	27.9104866377	9.8930704498	29.059665573	16.8774482146	20.2754984307	9.5699162387	19.4466077132	28.0887772873	18.0817838473	18.9997873347	31.260991402	24.1232477989	9.5700862868	13.7339631247	28.5119609606	30.0712646981	8.3508722562	10.3472695032	24.3631160037	24.0408743267	23.6815273543	19.4651267137	23.4836157323	22.4389012837	25.2422503821	27.362989474	28.549181966	28.2976800991	16.7154470612	23.871514642	20.240531667	23.9938307588	25.8080749033	21.6292528129	16.1303410878	9.4282544975	34.0815487929	20.793227464	7.5409478231	26.7495717535	20.8332427203	26.6626551215	31.7599122327	19.7168013836	19.1526524978	35.8765318839	23.1836283635	23.0266642833	22.637191681	16.0722930249	20.4813669708	11.8972650824	21.9731843863	21.87273259	0	14.5670526351	30.5532388293	36.3061670848	41.0236444458	12.6652464774	29.0454742717	16.6184590432	24.8138846617	21.4073744842	7.5679852436	35.2082389155	4.561868421	18.0542992743	18.9236809039	23.6555539232	17.5633513125	19.1913201863	30.777801271	34.3596450554	24.2892454413	17.5796964172	nan	nan	nan	17.8831707173	23.5319437766
SII	34.5230510156	18.4679188288	34.830319758	26.4891501993	15.1658502943	10.2849577487	15.7297571275	20.7494886378	17.3154414367	13.8237664072	23.4421768787	30.6322505057	18.8033381317	22.7881662168	23.1929693031	25.2737177434	16.9312140045	14.8054490801	21.1977462752	19.4615626933	30.2476138636	27.6398457334	27.884719775	28.2176869646	28.3294519488	29.2972297637	29.4581257011	33.3530919604	23.4161627016	22.4072695476	27.9028916169	27.2227682543	19.8951535226	26.8797482573	13.6266225021	20.9287901502	26.4216183816	26.958351998	17.9577941359	32.0005668267	24.7682040196	23.2247398532	35.7525418517	24.2470577591	23.7529664539	29.2569717758	26.2881263158	18.258175698	29.0175086187	25.0940330004	28.282117329	11.4451133686	30.7397163841	27.8586066007	14.5670526351	0	23.4656578251	30.4767765441	33.3367516311	20.6173902054	21.6178056328	10.2813288663	30.1746374227	12.6058809293	10.4678693089	29.4231750902	11.6942215477	24.7461736361	28.1266619703	22.3750021003	25.5467282164	28.8703332073	38.705502165	41.7522048977	33.5987599189	21.6955884309	nan	nan	nan	23.9400873929	24.2506738312
11	52.8583763807	30.6888077329	50.3350488799	40.4152026422	32.1144088283	30.0906659639	33.5165544796	13.0017450129	30.9867694242	29.9561907241	11.2060221177	48.9358819576	34.1326200619	39.8652899073	7.0921634891	11.2458613286	27.788799965	24.5656719161	13.293035924	10.6719343808	36.247555262	39.2131399414	31.0974211174	32.8594577942	28.4953073851	27.9834823563	27.0391106177	48.386695744	37.0519717716	22.1412524761	38.8679776501	39.1418293699	16.6316917611	39.5410767964	33.8483402187	33.4715703599	9.7895446899	35.2139095852	34.560542614	49.8508691301	42.5847418511	23.0495859854	50.2044606507	43.2902002354	39.9111716474	14.6583648669	41.6899885231	25.5181833451	45.2938292149	42.4022922959	36.8532622214	20.9702293272	47.6174858642	35.8912955865	30.5532388293	23.4656578251	0	10.4962837406	12.9217103932	39.3914706161	6.2891239002	15.5087523683	43.6702446554	13.7553800847	24.1458750513	9.4683548834	27.5304835057	33.7341173329	40.2609144584	18.7181910228	35.0275388125	42.4964466695	55.7239491478	59.5473247963	49.3712857183	26.447479743	nan	nan	nan	30.4752087298	22.1582456885
32	56.6919803762	36.9274471833	52.5737227133	46.366262313	38.1840616642	35.5608060265	39.1639842805	18.5778604101	33.8610582266	36.0283238552	19.0050886339	52.8078612594	40.0739801568	45.0474297005	10.6507432976	9.460391595	34.8188085549	31.7008121597	16.3116734532	17.0601250717	40.6804742751	44.0575182956	37.6081838679	39.1382349214	34.5570658244	32.7099749557	33.5805453302	50.5392612065	40.6895364659	22.7961938881	43.0690268075	41.1184401345	20.3644784657	42.0962014277	39.8734628757	40.4419421238	13.0613881423	39.7532164559	40.2153563441	53.054135736	46.9907016198	23.9887289568	51.734495587	47.6335100428	43.6971017641	14.0824607562	44.223931591	29.7455251526	48.8951100659	47.5213050557	43.2718752713	28.5507514132	52.6318461056	39.9786919866	36.3061670848	30.4767765441	10.4962837406	0	9.2958217228	44.2045927022	14.6161172028	23.4519976005	45.9966416078	22.6817187999	30.7762739503	4.7620233019	33.3737014877	38.4881222137	46.5184614799	24.5571428175	41.4674679525	48.6418934454	59.7300343176	63.3580655503	54.5937396798	33.382632239	nan	nan	nan	35.566547587	26.3319130655
10	61.7594291765	41.9445130595	58.1183225308	51.0431960687	41.3926644488	39.5996942563	42.3605642772	18.6209771161	37.0474046297	39.3226222705	17.7853526859	57.5010636815	44.0385454903	49.941153313	16.0168894269	16.7458089551	39.4200695272	36.1348890383	22.6478249371	21.9758832672	46.670037802	49.6035702943	42.8563423903	44.392883669	39.5842510233	38.4280567479	38.623480752	55.8570459199	46.691736008	26.7048750669	48.9366189647	45.6052693522	21.6986464612	47.8967131317	43.00736816	44.5471587129	10.7060464558	44.7890102025	45.0037380047	57.7881201857	51.053706367	26.3212205323	56.7802842654	51.8353689666	48.08648538	12.3250929536	48.1698423625	32.0984316666	54.0291089323	52.6117302468	48.4848303085	32.3812472168	57.501657452	45.7828903328	41.0236444458	33.3367516311	12.9217103932	9.2958217228	0	48.7724048503	15.0843797126	26.8668497528	51.4122811169	25.4944477561	34.9287697486	10.0451461489	37.9104868478	43.6976072026	51.5754754255	29.9392390494	46.6239433484	53.711067434	64.648811893	68.277816628	59.726484528	38.2853606649	nan	nan	nan	41.1386939151	32.4087409253
MSTd	19.4118126739	16.5308212623	20.5570622845	18.6736219167	21.4979709093	11.3834077757	19.5155048954	36.406999026	20.2910529123	20.4613855206	40.4694402182	15.3985014753	11.6374475917	9.9770469819	37.3309095454	37.6380559958	19.5385501538	20.9482451521	32.7052397886	33.4824834807	25.5608823553	20.1861226994	31.5602281575	30.0937716201	34.2521684385	35.1628883513	38.3150741948	20.2411111633	13.6437721647	26.9263221997	20.5554731296	19.2060289074	31.9276296511	16.5778864834	13.4757339705	16.0001378439	42.4128202552	24.4070083298	9.1254708261	17.0813707187	12.4188530956	29.5069046458	24.0718772771	10.9544998585	11.5104724953	42.6361957591	18.0157685089	26.1338846189	14.4513648961	12.1084661462	25.7040235483	22.2991364436	17.7582541914	22.5997453723	12.6652464774	20.6173902054	39.3914706161	44.2045927022	48.7724048503	0	38.5757356299	26.4176860061	17.8705024277	30.7685584527	17.8093175399	43.4740709578	13.5440815376	22.5491151744	21.5017361267	33.056079964	23.2401825078	19.7457413452	24.4043538464	26.7636494454	20.8593489593	27.2764428211	nan	nan	nan	24.1267599877	31.4385406724
12	52.4555109226	30.0254129258	50.6300512403	39.8843080057	31.0174529607	28.7835549734	32.3182639797	11.1584457022	30.1811354487	29.239188653	7.2650443153	48.4938628765	33.1687995118	39.4897456569	11.2630339647	15.5572871361	26.4870842758	23.3413512016	16.4232242385	12.3945048782	37.8525108244	39.1740380585	31.2455483261	32.8766171363	29.2806601203	29.3474930658	27.7915379704	48.5110346911	37.364535602	23.1593879015	39.165263305	39.782765761	16.2948915332	40.3018403994	32.1260423864	32.8592168843	9.0289501689	35.1120312502	33.3631862428	49.3042343538	42.2687198027	23.3569740038	50.3751998862	42.2276058962	40.0874997893	15.6314624251	41.4868108942	25.0206867435	45.7223016335	41.7526492074	36.4316318025	19.529732576	46.989590686	36.6731461854	29.0454742717	21.6178056328	6.2891239002	14.6161172028	15.0843797126	38.5757356299	0	13.4868081484	44.4287386336	11.1976074619	22.515737774	14.0055788596	26.3067437084	33.5543470498	39.5204783669	19.8833627697	34.4797126236	41.7861966014	55.5452679199	59.2812872317	48.8875583723	26.0080182617	nan	nan	nan	30.940921428	24.2534797565
Id	40.6001731416	17.3324707282	40.2326425171	26.9482391666	20.3208873963	17.0961182542	21.587710762	14.5776589256	21.7998976612	18.2581367813	15.9471975012	36.661624271	20.511615241	26.6979417083	15.751224411	18.9117397495	13.973253893	10.7190089246	14.7937882211	11.4962273114	27.7737282811	27.2262188347	22.3624997889	23.2925544283	21.9099899662	23.1711353648	21.6657255471	38.6378037989	26.0852062584	21.3973730004	27.788583257	31.1735626209	17.6058841216	30.192375516	20.8923163959	19.5952342831	19.749424801	24.3508790144	20.7727477688	38.5171683956	31.0626073514	22.4176359239	41.0543090824	31.0545841394	29.4094258848	23.829826407	31.9463352452	19.7446149426	34.143182356	29.0206138528	25.2014702987	6.4272840527	34.2123574032	26.0978687427	16.6184590432	10.2813288663	15.5087523683	23.4519976005	26.8668497528	26.4176860061	13.4868081484	0	34.3044065583	5.2835666322	9.6338853275	22.1164033294	13.9516575346	22.4861768321	27.2630893972	14.7425809577	22.7650846368	29.2739758713	43.1357075387	47.0565260349	36.1857107594	15.9391834501	nan	nan	nan	20.3788014538	18.4716256444
30	17.6727661003	25.7136207927	8.6285525461	28.2493416661	27.8831955232	21.6760653477	26.0266099738	41.9270530256	23.1583488716	25.3669034589	46.91216391	16.3746910932	25.9003252347	17.1869694392	40.2330311843	39.0456921517	30.6144475462	30.6834058147	34.6524399471	37.9258965378	27.7158146182	24.41709031	39.1416570345	36.8144450991	40.5271160984	38.6781837732	43.5628899709	9.9400738935	12.7872389238	26.8799201846	21.862042418	12.6402830297	36.7992563242	7.3071004255	24.8426758221	29.4598825774	47.1301741039	27.4615193938	20.576961989	17.2010962105	16.9665054408	30.8304442698	12.3688338658	18.6224603024	13.1284501191	45.6103752722	15.779066622	30.495057619	9.540340304	19.6517108718	34.0578205121	31.5008631147	23.9669439181	24.9740188868	24.8138846617	30.1746374227	43.6702446554	45.9966416078	51.4122811169	17.8705024277	44.4287386336	34.3044065583	0	38.5279931931	27.194426958	45.5990662169	23.4913695146	27.1695322681	30.5522920524	37.4719166723	32.2025591934	28.4612979064	25.24295692	25.0145961182	25.5788408312	35.2582156997	nan	nan	nan	29.450109069	34.2456396564
G	44.9584026931	22.2140330713	44.4749520754	31.7634999413	23.3291684793	20.7554944285	24.4530617531	14.3046031461	25.2278070164	21.5334186103	13.2683853371	41.0599974701	25.0571042392	31.330893522	15.0364414272	18.8641581512	18.8906967647	15.5627806139	15.6552587053	11.055096884	31.9872603049	31.8335632243	25.9006325234	27.3468752589	24.3324239276	25.2868294765	23.6091489856	42.7165055483	30.7354766384	23.530721157	32.4124037656	34.9664462675	18.7378623388	34.4770285302	23.695333554	24.4519407574	18.2611715352	28.7986845314	25.5219026895	42.4858688097	34.6790512947	24.4765399913	45.0000191749	34.7195182036	33.3878088738	23.5594817048	35.7762188479	22.1054144635	38.4728894665	33.7541109637	29.7658445864	11.3669655398	38.9717444667	30.2523764284	21.4073744842	12.6058809293	13.7553800847	22.6817187999	25.4944477561	30.7685584527	11.1976074619	5.2835666322	38.5279931931	0	14.5582582155	21.3373145341	18.5685850143	26.9575958642	32.0582198184	16.2439727139	27.4456257201	34.1503316801	47.7753146102	51.5992518396	40.956594279	20.0299460968	nan	nan	nan	24.8537637469	20.5978186974
PA	31.9661309904	9.8381124165	32.2997795906	18.6214061586	18.2997257535	10.9737995998	18.4274252308	22.2129910261	18.0667036761	16.6466303818	24.853969927	28.1413812188	13.249824458	17.8002921308	22.6273863075	24.7334841567	7.8756981978	6.2914863707	19.0342507197	17.844596945	22.954981674	19.9380666141	20.5904665629	20.1351999441	21.6082775377	23.2889133708	23.9119606748	31.6074529001	18.1857980562	22.3055179124	20.9961829471	25.9230890007	21.5671296791	23.2246565028	17.0163275601	13.1001804433	27.9526952171	19.6641806812	11.5952511834	30.8733401562	24.5859537832	24.193038643	34.4359895804	24.2847571433	22.4599140656	30.7287784397	25.8796092063	19.8491191833	26.3078488826	19.8257261939	19.6460026539	5.0918467419	25.2494064032	21.2847536516	7.5679852436	10.4678693089	24.1458750513	30.7762739503	34.9287697486	17.8093175399	22.515737774	9.6338853275	27.194426958	14.5582582155	0	29.4178921788	5.8307289907	17.1352413363	19.5995153327	18.0469716927	16.8162049126	20.7827729604	34.2667696257	38.2838337216	27.2718045374	14.2003599626	nan	nan	nan	16.1829777518	19.2193655507
14	56.1274023959	35.3814818588	52.2417884006	44.9862123999	37.675412253	34.7494518613	38.7805626917	18.4126329094	34.0873438042	35.655049827	18.566251156	52.4108716958	39.0659624203	44.1046295762	8.9486997068	8.382440345	33.1991457708	30.0733569594	14.7434441583	15.2696197985	39.2933412388	42.6679486334	35.6469787078	37.1649953475	32.9125934945	31.1608048871	31.7249281819	50.6069719454	39.6075200486	23.5044026132	41.6580677374	41.2656854331	20.7005374925	41.4833376358	39.1696400806	39.1069558245	13.2022981931	38.4837073247	38.9436201464	52.8660133337	46.5473246414	24.8513780306	51.9946141389	47.3062076883	43.418490761	15.2343496699	44.4683654483	29.8048449343	48.4327596772	46.4772403445	41.412344504	27.0666013819	51.6753609483	38.775697076	35.2082389155	29.4231750902	9.4683548834	4.7620233019	10.0451461489	43.4740709578	14.0055788596	22.1164033294	45.5990662169	21.3373145341	29.4178921788	0	32.2268375516	37.0966304946	44.802972227	22.7521744498	39.619088557	47.0719439186	58.945379035	62.7224171945	53.3474946613	31.4749212005	nan	nan	nan	34.1594899354	24.8186135649
AI	27.7970358429	9.4490954963	28.2427134618	16.8578912069	18.3673142874	7.7206079573	17.644482019	25.3212667097	16.1775339355	16.751786708	28.5450819627	24.0830385454	11.2645242056	14.0171762008	25.6397553396	27.0533336272	9.1449050001	9.6409371132	21.5756071125	21.3300755557	22.2448187808	18.6489480051	22.4434588879	22.0415399485	24.3299402804	25.6301668665	27.2845946368	27.2969552257	15.2477444264	22.0554561254	18.8513947628	22.6988594934	22.6729472322	19.8134022794	14.3098094283	11.8220142271	31.2490639679	19.4775051964	8.4538762201	26.4932415605	20.6049980728	24.1757898827	30.1886723238	19.9259042729	18.6061396435	33.1119506713	21.9829602725	20.293231243	22.2939339963	16.3076078983	20.1140962571	9.984825419	22.1849692167	20.297578616	4.561868421	11.6942215477	27.5304835057	33.3737014877	37.9104868478	13.5440815376	26.3067437084	13.9516575346	23.4913695146	18.5685850143	5.8307289907	32.2268375516	0	16.7638970937	18.456733675	21.3351580642	17.0779383234	19.0213964899	30.7813644107	34.396894617	24.4510350438	16.9901592054	nan	nan	nan	16.8711638865	21.2575326701
CA1	31.738157251	10.3153365475	31.4365702524	16.0973255608	32.609311664	22.5992079126	31.971430546	35.1710982553	29.2471501202	30.6814376256	36.9890197963	29.201733257	20.4118181751	19.0117072015	29.9054714262	30.4993862989	15.5709927785	14.6412273923	23.9836387605	24.2415598303	8.5751341713	8.9403421028	14.7372628675	12.1665975318	16.456330249	16.324266442	21.0887770459	33.0451158862	14.6001773858	32.3904064082	9.8007537755	31.9160830393	34.5986652291	22.41520617	28.6907337131	19.2068806753	39.3102373109	7.5872080707	15.5922636468	34.0167516654	32.0411324718	36.0185036981	36.9327134143	30.9499944518	28.7664649852	42.4175473444	32.3722952509	33.2004732681	27.2218555658	20.2114317184	13.1942140986	18.1470534299	23.2595081504	8.842598613	18.0542992743	24.7461736361	33.7341173329	38.4881222137	43.6976072026	22.5491151744	33.5543470498	22.4861768321	27.1695322681	26.9575958642	17.1352413363	37.0966304946	16.7638970937	0	14.1073000272	20.686362522	12.3734137085	15.5981855285	29.898999614	34.3069291957	20.6213604996	13.7746470843	nan	nan	nan	7.4676459738	17.3349505511
PITv	30.3581734148	11.1757905525	32.9399670266	8.266677361	34.2898255141	22.9397459832	33.3187768629	40.4969275891	31.7673510893	32.8278236028	42.2638655856	26.8498632976	22.2690799804	16.3347216177	37.3048563059	38.9892000609	18.3172012465	17.7053091827	31.6346863663	31.5541443048	18.904140283	14.0763237449	17.1792658915	15.440735205	23.3897917288	26.5066137	28.3318348515	34.0146923528	19.4154187888	36.9812130355	18.1237070404	34.4461552078	39.6425106085	26.5881640861	28.8973661372	21.6145582413	45.7649331128	15.8551228195	13.9434516908	31.8704687953	31.1579701325	40.4094825478	38.7172535351	29.6996864057	28.765647335	48.6874002682	33.5984818171	36.7897549008	27.5755411987	14.8067469184	9.2811007105	21.7000032823	16.3308030868	18.0177787237	18.9236809039	28.1266619703	40.2609144584	46.5184614799	51.5754754255	21.5017361267	39.5204783669	27.2630893972	30.5522920524	32.0582198184	19.5995153327	44.802972227	18.456733675	14.1073000272	0	27.3825150494	8.3380767863	7.4351607056	28.0337777193	32.9290615523	16.7974374146	18.3855784573	nan	nan	nan	14.6795804	26.6480598998
PIR	45.6961610774	19.8078408233	43.7797693051	28.7432866663	32.3387788097	26.4035165838	33.2399815304	24.4790027891	31.3504925195	30.2988109312	24.2166041079	42.4826029253	27.3036234313	31.5712601771	15.189069597	17.2551024518	18.2162100938	15.49513987	10.1942942898	9.7879156635	20.0463590797	26.2047026597	15.4932455493	17.4615039436	12.5061808797	11.1036977248	10.3721395765	43.7140457191	27.8635089898	27.8405685413	26.3262917766	37.4892805374	26.358587471	32.4212853621	32.1249517181	24.3215461029	26.3402525062	20.3106761201	26.3249878003	45.2174547566	39.571236069	30.7095269483	46.6880241139	39.6943966226	36.4933847573	30.5444841157	39.29880079	30.5114569954	39.3773040521	33.6723114055	22.4363201246	15.3815002769	37.8618827528	22.3941528534	23.6555539232	22.3750021003	18.7181910228	24.5571428175	29.9392390494	33.056079964	19.8833627697	14.7425809577	37.4719166723	16.2439727139	18.0469716927	22.7521744498	21.3351580642	20.686362522	27.3825150494	0	21.3166301739	30.4398548559	45.8494073225	50.8017299518	38.1942656451	13.0895160886	nan	nan	nan	16.1754553109	7.4181931769
CITd	34.3053173156	9.0368998112	35.8888995972	10.3543842475	33.603163502	22.6693466661	32.8129750843	36.4524382903	31.3387756583	31.8713952024	37.6666089877	30.9920416974	20.6868395548	19.5317290015	31.9751827474	33.9945136628	14.2582488912	13.5906972173	26.4443614088	25.9783637724	16.6434158249	13.906750208	10.7313863416	10.3462534376	17.2268691701	20.6955992452	21.6422006934	36.9629848914	20.2978734133	35.7851388238	17.2473539238	35.3906742149	36.5709003382	27.5786694611	29.1143159811	18.5497903222	41.2035231102	14.1479431524	15.1278450534	35.6734903096	33.0711625415	38.6922436943	41.0022427629	31.4108625311	30.7471189752	44.8569651225	34.9083677505	35.0326105352	30.5413446697	19.2049981737	6.3943931039	17.6303834077	20.8533736748	16.4156088717	17.5633513125	25.5467282164	35.0275388125	41.4674679525	46.6239433484	23.2401825078	34.4797126236	22.7650846368	32.2025591934	27.4456257201	16.8162049126	39.619088557	17.0779383234	12.3734137085	8.3380767863	21.3166301739	0	12.1763695592	32.5319828488	37.7375897503	22.0242825442	12.4033225899	nan	nan	nan	11.3961377356	21.1230863869
VOT	26.9280027405	12.8113390136	29.9952946595	8.5821308855	34.3010146403	22.6044901365	32.9720581903	42.0932888134	31.8970657223	32.8913396004	44.5282301077	23.3922009205	22.6596061625	13.734884095	39.6755738924	41.1629636443	20.2500026085	20.0659513853	33.8912209415	34.1144876127	20.2276878537	14.35835747	21.567228417	19.5228556695	27.3520498219	29.8392914358	32.14388149	31.0274808189	18.1130090089	37.4905474348	18.0715399707	32.7658270534	40.4398368946	25.077914555	27.9908831288	22.5324058391	47.6945161832	17.4349347461	13.2247386015	28.5482350655	29.0795461755	40.8747987436	36.0139001745	27.825800122	26.6163009025	50.1685265622	31.9408623098	37.2403795057	24.5656700329	12.0573097121	12.9432760506	23.8287039763	13.0997595866	18.8332971642	19.1913201863	28.8703332073	42.4964466695	48.6418934454	53.711067434	19.7457413452	41.7861966014	29.2739758713	28.4612979064	34.1503316801	20.7827729604	47.0719439186	19.0213964899	15.5981855285	7.4351607056	30.4398548559	12.1763695592	0	24.496942268	29.0192363939	12.7894353713	21.8113414876	nan	nan	nan	17.4189653192	29.3747979337
V2	17.8342937112	28.8822800596	23.8082959291	27.3110914098	39.6266599505	30.0513707167	37.6805685509	53.9188431598	37.6063862957	38.4240584914	57.797916972	18.1788343681	32.0030591169	19.9910761357	52.4841149312	52.0454432694	35.3745198077	35.8771830779	46.6337939436	48.0956866507	31.1051025415	24.8186795472	40.9277819547	38.1902128926	44.0460622557	44.1906996817	48.9696431131	26.005490672	22.3070260106	43.4202022646	26.2679241659	31.9083252714	49.8555317418	25.3797759935	33.2072043181	34.2675661606	59.4547068439	30.5735474353	24.4386209695	24.5532267743	27.5828317614	46.6287132193	30.8357895328	27.5883930915	25.80232664	59.9619305776	32.2231320117	43.6589929682	19.775921619	20.5075843422	33.447904535	38.2652915518	21.172709492	28.8411098944	30.777801271	38.705502165	55.7239491478	59.7300343176	64.648811893	24.4043538464	55.5452679199	43.1357075387	25.24295692	47.7753146102	34.2667696257	58.945379035	30.7813644107	29.898999614	28.0337777193	45.8494073225	32.5319828488	24.496942268	0	17.8644694083	16.1230466865	39.233163187	nan	nan	nan	32.9932096829	42.8873583317
V1	14.5536901615	33.689975325	21.460555904	31.5661778981	41.3164139401	32.5108205398	39.228873825	57.1438756585	39.3728069985	40.2921200248	61.3485471781	16.807949694	35.3125220256	22.5474229962	56.4960219314	55.8869896138	39.8011714768	40.5272001327	50.8847484596	52.4562816006	35.833878543	29.5560682861	46.3459993771	43.8417951215	49.0937690603	49.1779839793	54.4114633182	24.5124173351	25.8913392668	46.1168219574	30.7551051098	32.3791189158	52.5041487618	26.7220516332	35.1189825418	37.9944569149	62.9168358743	34.9892534019	28.3586439635	23.6553471449	27.7636288244	48.8688116706	29.2080624884	28.2272737756	26.3111921916	62.8893372676	32.7650187987	45.9009931539	18.8088034611	23.1293327593	38.7615239316	42.4989673347	22.9099826645	33.2474166652	34.3596450554	41.7522048977	59.5473247963	63.3580655503	68.277816628	26.7636494454	59.2812872317	47.0565260349	25.0145961182	51.5992518396	38.2838337216	62.7224171945	34.396894617	34.3069291957	32.9290615523	50.8017299518	37.7375897503	29.0192363939	17.8644694083	0	19.8677084582	44.3299708554	nan	nan	nan	37.8208019951	47.6895083955
VP	20.8180996949	20.2685925416	25.2434895376	17.8274055259	36.8910552466	25.6557326913	35.0330796588	48.2978981669	35.0290902473	35.6899798555	51.4036739695	19.0451007577	26.9347263918	14.8572711638	46.2835298416	46.6763332339	27.5975723942	27.7961917063	40.243472086	41.2239034419	23.8087038466	16.2747964223	31.1942136164	28.2022296637	35.5793034784	36.5685926408	40.37414349	26.923655417	17.264583669	40.5654106467	19.8625127932	31.5566071924	45.2263089944	23.6622192621	30.0725670329	27.6695973307	54.0526497654	22.2470742864	17.4125769303	25.4291503255	27.9535385325	43.9885152853	31.9364987369	27.4422231609	25.5467810133	55.6825340608	31.4932023268	40.664708218	20.1436728151	15.0568416686	22.4359648742	30.7979060361	14.5730112864	21.7797658234	24.2892454413	33.5987599189	49.3712857183	54.5937396798	59.726484528	20.8593489593	48.8875583723	36.1857107594	25.5788408312	40.956594279	27.2718045374	53.3474946613	24.4510350438	20.6213604996	16.7974374146	38.1942656451	22.0242825442	12.7894353713	16.1230466865	19.8677084582	0	30.2094757984	nan	nan	nan	24.072157749	35.7631430454
STPa	40.2417049492	12.1620902089	40.3775988419	20.2189297505	31.2096664797	23.5119074468	31.5426662997	29.309133257	30.9146687837	29.3398113206	29.3865929258	37.051039829	20.7438159931	25.4539990677	23.7082308621	26.3501496509	10.6467130019	9.1357699351	19.1094483089	17.4987521144	17.0910997043	18.9813374957	10.1958993657	10.6823789394	11.5405219468	14.8033376392	13.8921898168	40.9623997792	23.8839541051	32.2019040233	20.6513824966	36.9556206896	31.4445948977	30.2193050433	29.8150050229	15.9807751188	33.0825815159	14.9771593293	19.823342246	40.8929244777	36.2373348873	34.8115161565	44.4742473866	35.3226646295	33.6051844158	37.5883140987	37.1316283085	31.945988481	35.3037777768	27.0028577553	13.8156912126	12.3145138385	30.020924146	17.7834175394	17.5796964172	21.6955884309	26.447479743	33.382632239	38.2853606649	27.2764428211	26.0080182617	15.9391834501	35.2582156997	20.0299460968	14.2003599626	31.4749212005	16.9901592054	13.7746470843	18.3855784573	13.0895160886	12.4033225899	21.8113414876	39.233163187	44.3299708554	30.2094757984	0	nan	nan	nan	10.950265916	14.3740253039
MW	nan	nan	nan	nan	nan	nan	nan	nan	nan	nan	nan	nan	nan	nan	nan	nan	nan	nan	nan	nan	nan	nan	nan	nan	nan	nan	nan	nan	nan	nan	nan	nan	nan	nan	nan	nan	nan	nan	nan	nan	nan	nan	nan	nan	nan	nan	nan	nan	nan	nan	nan	nan	nan	nan	nan	nan	nan	nan	nan	nan	nan	nan	nan	nan	nan	nan	nan	nan	nan	nan	nan	nan	nan	nan	nan	nan	nan	nan	nan	nan	nan
[???]	nan	nan	nan	nan	nan	nan	nan	nan	nan	nan	nan	nan	nan	nan	nan	nan	nan	nan	nan	nan	nan	nan	nan	nan	nan	nan	nan	nan	nan	nan	nan	nan	nan	nan	nan	nan	nan	nan	nan	nan	nan	nan	nan	nan	nan	nan	nan	nan	nan	nan	nan	nan	nan	nan	nan	nan	nan	nan	nan	nan	nan	nan	nan	nan	nan	nan	nan	nan	nan	nan	nan	nan	nan	nan	nan	nan	nan	nan	nan	nan	nan
[??]	nan	nan	nan	nan	nan	nan	nan	nan	nan	nan	nan	nan	nan	nan	nan	nan	nan	nan	nan	nan	nan	nan	nan	nan	nan	nan	nan	nan	nan	nan	nan	nan	nan	nan	nan	nan	nan	nan	nan	nan	nan	nan	nan	nan	nan	nan	nan	nan	nan	nan	nan	nan	nan	nan	nan	nan	nan	nan	nan	nan	nan	nan	nan	nan	nan	nan	nan	nan	nan	nan	nan	nan	nan	nan	nan	nan	nan	nan	nan	nan	nan
CA3	34.6742082746	9.8981562067	34.3490226375	17.186385775	31.8764643157	22.3752633409	31.4935492233	33.2306634868	29.7104551289	30.1299820654	34.5122254232	32.16899069	20.8236750861	21.4413195813	26.755795011	27.3880755405	13.9952174019	12.8744849181	20.5523742144	21.0786424057	9.6941877934	11.5069905968	12.5980205383	10.2489801674	13.5967357825	13.2267933332	17.1391796203	35.4231501783	17.7077299932	30.9325498708	12.3410680612	32.6067148589	33.5571705455	24.3608519035	28.790138569	18.5106512956	37.0307860979	7.9625154642	16.858963841	36.3739980979	33.1689073969	34.8921206775	39.3902141683	32.4338059093	29.7535565964	40.3610270138	33.5153284963	32.6694463386	29.933794889	22.9124936538	12.1656070157	16.5478335533	25.8150660005	9.8949949909	17.8831707173	23.9400873929	30.4752087298	35.566547587	41.1386939151	24.1267599877	30.940921428	20.3788014538	29.450109069	24.8537637469	16.1829777518	34.1594899354	16.8711638865	7.4676459738	14.6795804	16.1754553109	11.3961377356	17.4189653192	32.9932096829	37.8208019951	24.072157749	10.950265916	nan	nan	nan	0	13.4472691484
PAC	42.8223344978	18.9509262854	40.4993213511	27.7969530443	33.7940897784	26.0248335995	34.1980749086	27.9987594919	31.117192623	31.75037842	28.730434804	39.898386401	27.2392249116	29.6745193729	17.6504032727	18.119711974	19.6263878289	17.0298387988	10.5950757027	12.997196478	16.0727474647	23.1163397497	16.9632013194	17.0659885633	13.8298611487	8.9861004176	13.2248523917	40.6831710428	24.5985468737	27.7427009784	21.9633129865	35.1726845895	28.5055016998	29.215685545	32.4288103664	25.1295286877	29.9201748138	16.789578608	25.0364130185	42.6796234586	38.05208372	31.324565758	43.5579777562	38.2080199845	34.4247178551	33.1020513877	37.3763605846	31.8043455083	36.3071194725	31.9089245608	22.1015295228	17.9886669864	35.952453872	18.136161088	23.5319437766	24.2506738312	22.1582456885	26.3319130655	32.4087409253	31.4385406724	24.2534797565	18.4716256444	34.2456396564	20.5978186974	19.2193655507	24.8186135649	21.2575326701	17.3349505511	26.6480598998	7.4181931769	21.1230863869	29.3747979337	42.8873583317	47.6895083955	35.7631430454	14.3740253039	nan	nan	nan	13.4472691484	0
